datetime,โรงเรียนเตรียมอุดมศึกษาน้อมเกล้,โรงเรียนทหารขนส่ง กรมการขนส่งทห,กองพันทหารสื่อสาร กองบัญชาการกอ,โรงพยาบาลภูมิพลอดุลยเดช,โรงพยาบาลซีจีเอช สายไหม,พระราชวังดุสิต สวนจิตรลดา,โรงพยาบาลศิริราช,บริษัท โอสถสภา จำกัด (มหาชน),สถานคุ้มครองและพัฒนาอาชีพบ้านเก,ศูนย์วิทยาศาสตร์เพื่อการศึกษาแห,บริษัท ศิครินทร์ จำกัด (มหาชน),โรงเรียนหาดอมราอักษรลักษณ์วิทยา,บริษัท เอจีซี แฟลทกลาส (ประเทศไ,โรงไฟฟ้าพระนครใต้,บริษัท มหาจักรออโตพาร์ท จำกัด,นิคมอุตสาหกรรมบางชัน,ศูนย์ไตเทียมเทียนฟ้าประชาการุณย,นิคมอุตสาหกรรมลาดกระบัง,บริษัท ท่าอากาศยานไทย มหาชน จำก,มหาวิทยาลัยหัวเฉียวเฉลิมพระเกีย,นิคมอุตสาหกรรมบางพลี,สถานีตำรวจภูธรคลองด่าน,นิคมอุตสาหกรรมบางปู,ศูนย์พัฒนาการจัดสวัสดิการสังคมผ,ศูนย์กีฬาเฉลิมพระเกียรติ,ม.เทคโนโลยีพระจอมเกล้าธนบุรี (ว,มหาวิทยาลัยเอเชียอาคเนย์,เรือนจำพิเศษธนบุรี,โรงเรียนบดินทรเดชา (สิงห์ สิงหเ,โรงเรียนราชวินิต นนทบุรี,สถานีตำรวจภูธรไทรน้อย,โรงเรียนตั้งพิรุฬห์ธรรม,สำนักงานประปาสาขานนทบุรี,สำนักงานประปาสาขาทุ่งมหาเมฆ,สำนักงานประปาสาขาสุขุมวิท-พระโข,สำนักงานประปาสาขาสมุทรปราการ,สำนักงานประปาสาขามีนบุรี,สำนักงานประปาสาขาบางบัวทอง,สถานีสูบส่งน้ำบางเขน 1 (TR1),สถานีสูบส่งน้ำบางเขน 2 (TR2),สถานีสูบส่งน้ำบางเขน 3 (TR3),สถานีสูบจ่ายน้ำบางเขน 1 (Dis1),สถานีสูบจ่ายน้ำบางเขน 2 (Dis2),โรงงานผลิตน้ำธนบุรี,โรงงานผลิตน้ำสามเสน 1,โรงงานผลิตน้ำสามเสน 2,โรงงานผลิตน้ำสามเสน 3,โรงงานผลิตน้ำสามเสน 4,สถานีสูบส่งน้ำมหาสวัสดิ์,สถานีสูบจ่ายน้ำมหาสวัสดิ์,สถานีสูบจ่ายน้ำลุมพินี,สถานีสูบจ่ายน้ำลาดพร้าว,สถานีสูบจ่ายน้ำคลองเตย,สถานีสูบจ่ายน้ำสำโรง,สถานีสูบจ่ายน้ำมีนบุรี,สถานีสูบจ่ายน้ำลาดกระบัง,สถานีสูบจ่ายน้ำบางพลี,สถานีสูบจ่ายน้ำราษฎร์บูรณะ,สถานีสูบจ่ายน้ำเพชรเกษม,สถานีสูบจ่ายน้ำท่าพระ,สถานีสูบจ่ายน้ำพหลโยธิน
2026-07-12 08:00:00,352.0,357.0,352.0,350.0,366.0,350.0,353.0,356.0,352.0,365.0,365.0,359.0,340.0,362.0,351.0,356.0,353.0,361.0,362.0,370.0,361.0,356.0,357.0,225.0,262.0,260.0,234.0,233.0,229.0,240.0,234.0,234.0,359.0,352.0,358.0,362.0,362.0,238.0,371.0,359.0,359.0,338.0,350.0,370.0,325.0,347.0,,341.0,227.0,227.0,349.0,359.0,346.0,,351.0,359.0,355.0,249.0,228.0,224.0,352.0
2026-07-12 09:00:00,352.0,357.0,352.0,350.0,368.0,350.0,360.0,360.0,352.0,365.0,366.0,360.0,344.0,362.0,351.0,356.0,354.0,361.0,363.0,370.0,362.0,356.0,357.0,225.0,258.0,260.0,234.0,233.0,230.0,240.0,234.0,234.0,357.0,353.0,361.0,362.0,364.0,237.0,362.0,359.0,359.0,338.0,348.0,370.0,323.0,346.0,,341.0,228.0,228.0,350.0,359.0,345.0,,352.0,359.0,356.0,253.0,227.0,226.0,351.0
2026-07-12 10:00:00,349.0,356.0,351.0,349.0,368.0,350.0,361.0,359.0,351.0,364.0,367.0,360.0,344.0,362.0,352.0,356.0,354.0,362.0,364.0,370.0,363.0,356.0,359.0,225.0,260.0,261.0,234.0,233.0,230.0,240.0,235.0,234.0,357.0,353.0,360.0,362.0,364.0,237.0,356.0,359.0,359.0,339.0,348.0,370.0,323.0,345.0,,341.0,228.0,227.0,347.0,358.0,348.0,,351.0,357.0,357.0,256.0,227.0,225.0,351.0
2026-07-12 11:00:00,349.0,355.0,348.0,349.0,368.0,350.0,361.0,359.0,352.0,364.0,367.0,361.0,344.0,362.0,352.0,356.0,355.0,361.0,364.0,372.0,364.0,357.0,360.0,225.0,263.0,261.0,235.0,234.0,232.0,240.0,235.0,234.0,356.0,352.0,360.0,361.0,365.0,237.0,365.0,359.0,359.0,340.0,348.0,370.0,311.0,345.0,,341.0,228.0,228.0,348.0,358.0,345.0,,353.0,357.0,356.0,255.0,228.0,227.0,350.0
2026-07-12 12:00:00,348.0,352.0,355.0,348.0,367.0,350.0,361.0,358.0,353.0,364.0,367.0,362.0,342.0,361.0,352.0,356.0,355.0,362.0,365.0,371.0,365.0,358.0,360.0,225.0,266.0,261.0,235.0,235.0,232.0,240.0,235.0,234.0,355.0,353.0,360.0,361.0,365.0,237.0,367.0,360.0,359.0,343.0,348.0,370.0,317.0,344.0,,341.0,227.0,227.0,346.0,357.0,348.0,,354.0,356.0,357.0,256.0,228.0,227.0,350.0
2026-07-12 13:00:00,347.0,354.0,355.0,347.0,365.0,349.0,360.0,357.0,352.0,364.0,365.0,362.0,340.0,361.0,354.0,356.0,354.0,363.0,365.0,371.0,365.0,358.0,361.0,225.0,267.0,262.0,235.0,235.0,233.0,240.0,235.0,233.0,355.0,352.0,360.0,360.0,365.0,238.0,371.0,361.0,360.0,343.0,348.0,370.0,329.0,343.0,,341.0,227.0,227.0,347.0,357.0,350.0,,354.0,356.0,357.0,256.0,230.0,227.0,350.0
2026-07-12 14:00:00,356.0,354.0,355.0,347.0,364.0,349.0,360.0,356.0,353.0,365.0,365.0,363.0,340.0,360.0,356.0,356.0,354.0,365.0,365.0,371.0,366.0,358.0,362.0,225.0,268.0,262.0,235.0,235.0,233.0,238.0,235.0,234.0,355.0,351.0,360.0,360.0,365.0,239.0,369.0,364.0,361.0,344.0,350.0,370.0,312.0,343.0,,341.0,227.0,227.0,347.0,356.0,348.0,,354.0,355.0,356.0,258.0,232.0,229.0,350.0
2026-07-12 15:00:00,356.0,355.0,356.0,348.0,363.0,349.0,361.0,356.0,353.0,365.0,365.0,363.0,342.0,360.0,356.0,355.0,354.0,366.0,365.0,372.0,365.0,358.0,362.0,225.0,268.0,262.0,235.0,235.0,233.0,238.0,240.0,234.0,355.0,351.0,358.0,359.0,365.0,238.0,370.0,365.0,363.0,345.0,352.0,371.0,327.0,343.0,,341.0,227.0,226.0,348.0,355.0,346.0,,354.0,355.0,356.0,256.0,232.0,233.0,351.0
2026-07-12 16:00:00,357.0,356.0,356.0,349.0,363.0,349.0,361.0,354.0,352.0,363.0,364.0,363.0,344.0,359.0,356.0,354.0,354.0,367.0,364.0,372.0,365.0,358.0,362.0,226.0,268.0,262.0,235.0,235.0,233.0,236.0,251.0,233.0,356.0,350.0,358.0,359.0,364.0,239.0,379.0,368.0,366.0,349.0,354.0,371.0,312.0,344.0,,341.0,226.0,226.0,349.0,355.0,350.0,,355.0,356.0,355.0,251.0,231.0,230.0,353.0
2026-07-12 17:00:00,357.0,357.0,356.0,350.0,363.0,348.0,362.0,354.0,351.0,363.0,364.0,362.0,344.0,359.0,356.0,354.0,354.0,367.0,364.0,370.0,365.0,358.0,361.0,226.0,268.0,262.0,235.0,235.0,233.0,235.0,255.0,233.0,357.0,350.0,355.0,358.0,364.0,239.0,377.0,370.0,367.0,351.0,358.0,371.0,327.0,344.0,,341.0,226.0,226.0,347.0,355.0,350.0,,355.0,355.0,355.0,248.0,230.0,231.0,355.0
2026-07-12 18:00:00,357.0,358.0,357.0,352.0,362.0,349.0,362.0,356.0,351.0,362.0,364.0,362.0,341.0,358.0,354.0,354.0,354.0,368.0,364.0,370.0,364.0,358.0,360.0,227.0,263.0,262.0,235.0,235.0,233.0,235.0,255.0,233.0,357.0,349.0,355.0,358.0,363.0,240.0,368.0,370.0,369.0,351.0,359.0,371.0,314.0,344.0,,341.0,225.0,225.0,347.0,355.0,348.0,,356.0,355.0,354.0,250.0,231.0,230.0,356.0
2026-07-12 19:00:00,357.0,360.0,359.0,354.0,361.0,349.0,362.0,357.0,350.0,361.0,363.0,361.0,336.0,358.0,355.0,353.0,354.0,367.0,362.0,369.0,363.0,358.0,360.0,227.0,262.0,262.0,235.0,235.0,232.0,235.0,255.0,233.0,359.0,348.0,356.0,357.0,363.0,240.0,382.0,370.0,370.0,353.0,359.0,372.0,329.0,344.0,,339.0,225.0,225.0,350.0,356.0,352.0,,355.0,355.0,354.0,249.0,232.0,231.0,358.0
2026-07-12 20:00:00,357.0,363.0,363.0,356.0,360.0,349.0,363.0,357.0,352.0,363.0,362.0,361.0,335.0,357.0,355.0,353.0,354.0,367.0,357.0,368.0,362.0,358.0,360.0,227.0,261.0,261.0,234.0,236.0,232.0,234.0,255.0,233.0,360.0,348.0,360.0,357.0,362.0,240.0,376.0,370.0,370.0,354.0,359.0,373.0,319.0,345.0,,339.0,225.0,225.0,350.0,356.0,352.0,,357.0,356.0,354.0,248.0,231.0,232.0,360.0
2026-07-12 21:00:00,356.0,366.0,364.0,358.0,360.0,349.0,363.0,357.0,351.0,364.0,362.0,361.0,335.0,356.0,356.0,353.0,354.0,366.0,357.0,368.0,362.0,358.0,360.0,227.0,260.0,261.0,234.0,236.0,232.0,234.0,254.0,233.0,363.0,348.0,362.0,358.0,361.0,240.0,374.0,370.0,370.0,354.0,359.0,373.0,318.0,345.0,,340.0,225.0,225.0,350.0,357.0,352.0,,356.0,357.0,355.0,249.0,231.0,233.0,361.0
2026-07-12 22:00:00,358.0,366.0,366.0,359.0,361.0,349.0,364.0,358.0,350.0,365.0,362.0,360.0,334.0,358.0,357.0,353.0,354.0,366.0,357.0,367.0,362.0,359.0,360.0,228.0,259.0,260.0,234.0,235.0,231.0,235.0,254.0,232.0,365.0,348.0,363.0,358.0,361.0,240.0,373.0,370.0,370.0,353.0,359.0,374.0,324.0,345.0,337.0,341.0,225.0,225.0,353.0,358.0,352.0,,355.0,357.0,353.0,248.0,231.0,232.0,361.0
2026-07-12 23:00:00,362.0,366.0,366.0,359.0,362.0,350.0,364.0,360.0,351.0,365.0,362.0,360.0,333.0,358.0,357.0,354.0,355.0,366.0,357.0,368.0,361.0,360.0,360.0,228.0,258.0,259.0,234.0,235.0,231.0,235.0,254.0,232.0,366.0,349.0,363.0,359.0,361.0,240.0,371.0,369.0,369.0,350.0,359.0,374.0,312.0,346.0,337.0,341.0,225.0,225.0,354.0,360.0,352.0,,357.0,357.0,353.0,248.0,231.0,232.0,361.0
2026-07-13 00:00:00,366.0,366.0,365.0,359.0,364.0,350.0,365.0,362.0,353.0,364.0,363.0,360.0,334.0,360.0,357.0,354.0,355.0,366.0,357.0,368.0,360.0,361.0,360.0,228.0,258.0,259.0,234.0,235.0,231.0,236.0,254.0,232.0,367.0,349.0,364.0,360.0,361.0,241.0,376.0,366.0,367.0,346.0,356.0,374.0,322.0,346.0,337.0,342.0,226.0,226.0,354.0,362.0,355.0,,357.0,359.0,354.0,247.0,232.0,230.0,361.0
2026-07-13 01:00:00,366.0,366.0,364.0,359.0,365.0,350.0,365.0,363.0,352.0,364.0,364.0,360.0,342.0,362.0,357.0,355.0,355.0,367.0,,369.0,360.0,361.0,360.0,228.0,257.0,259.0,234.0,234.0,231.0,236.0,254.0,233.0,367.0,350.0,365.0,362.0,361.0,240.0,373.0,364.0,365.0,343.0,353.0,373.0,330.0,347.0,338.0,342.0,226.0,226.0,355.0,361.0,355.0,,357.0,361.0,355.0,248.0,232.0,229.0,360.0
2026-07-13 02:00:00,366.0,365.0,363.0,359.0,367.0,350.0,365.0,364.0,352.0,364.0,365.0,360.0,351.0,363.0,357.0,356.0,356.0,367.0,357.0,369.0,359.0,361.0,360.0,227.0,257.0,259.0,234.0,234.0,231.0,237.0,254.0,233.0,366.0,351.0,365.0,364.0,362.0,238.0,371.0,363.0,364.0,341.0,353.0,374.0,321.0,348.0,338.0,343.0,226.0,226.0,356.0,362.0,357.0,,357.0,362.0,354.0,250.0,231.0,230.0,359.0
2026-07-13 03:00:00,366.0,365.0,363.0,357.0,369.0,350.0,365.0,364.0,352.0,364.0,365.0,360.0,352.0,364.0,357.0,357.0,356.0,367.0,357.0,369.0,359.0,361.0,360.0,227.0,257.0,259.0,234.0,234.0,231.0,237.0,254.0,233.0,365.0,352.0,365.0,365.0,362.0,239.0,362.0,362.0,361.0,338.0,352.0,373.0,311.0,348.0,339.0,343.0,227.0,226.0,357.0,361.0,352.0,,359.0,363.0,354.0,254.0,231.0,230.0,358.0
2026-07-13 04:00:00,366.0,364.0,362.0,356.0,371.0,351.0,365.0,364.0,354.0,364.0,366.0,359.0,357.0,365.0,357.0,359.0,356.0,366.0,357.0,369.0,359.0,361.0,360.0,227.0,257.0,259.0,233.0,234.0,231.0,237.0,254.0,233.0,365.0,353.0,365.0,366.0,362.0,239.0,360.0,359.0,359.0,337.0,349.0,373.0,332.0,348.0,339.0,343.0,227.0,227.0,357.0,359.0,355.0,,360.0,363.0,356.0,257.0,230.0,231.0,357.0
2026-07-13 05:00:00,367.0,363.0,361.0,355.0,372.0,351.0,365.0,362.0,356.0,364.0,366.0,359.0,353.0,366.0,356.0,359.0,357.0,366.0,357.0,369.0,359.0,362.0,360.0,227.0,257.0,259.0,233.0,234.0,230.0,237.0,255.0,233.0,364.0,354.0,365.0,367.0,362.0,239.0,368.0,359.0,359.0,334.0,348.0,373.0,329.0,348.0,339.0,343.0,227.0,227.0,355.0,358.0,355.0,,360.0,365.0,356.0,259.0,230.0,231.0,355.0
2026-07-13 06:00:00,367.0,362.0,360.0,353.0,372.0,352.0,365.0,360.0,356.0,365.0,367.0,358.0,,366.0,356.0,360.0,358.0,366.0,356.0,367.0,359.0,362.0,360.0,227.0,257.0,259.0,233.0,233.0,230.0,238.0,255.0,232.0,363.0,355.0,361.0,367.0,363.0,239.0,367.0,356.0,357.0,332.0,348.0,373.0,322.0,349.0,340.0,344.0,228.0,227.0,354.0,355.0,350.0,,363.0,365.0,358.0,260.0,228.0,240.0,354.0
2026-07-13 07:00:00,367.0,360.0,357.0,352.0,373.0,352.0,340.0,358.0,357.0,365.0,368.0,358.0,,367.0,354.0,360.0,358.0,366.0,356.0,370.0,359.0,362.0,359.0,226.0,259.0,259.0,233.0,234.0,230.0,238.0,255.0,232.0,362.0,356.0,362.0,368.0,364.0,239.0,363.0,353.0,354.0,332.0,347.0,372.0,317.0,349.0,340.0,344.0,228.0,227.0,354.0,357.0,350.0,,362.0,365.0,359.0,260.0,228.0,244.0,352.0
2026-07-13 08:00:00,367.0,357.0,354.0,350.0,373.0,352.0,363.0,362.0,356.0,366.0,369.0,359.0,344.0,367.0,356.0,361.0,360.0,367.0,366.0,372.0,361.0,362.0,357.0,230.0,270.0,259.0,233.0,235.0,230.0,237.0,257.0,232.0,361.0,357.0,365.0,367.0,367.0,239.0,361.0,353.0,354.0,332.0,342.0,372.0,326.0,349.0,340.0,345.0,228.0,228.0,354.0,358.0,345.0,,362.0,364.0,361.0,259.0,227.0,242.0,350.0
2026-07-13 09:00:00,367.0,353.0,351.0,348.0,373.0,352.0,363.0,362.0,355.0,367.0,371.0,359.0,345.0,366.0,357.0,360.0,361.0,366.0,368.0,373.0,363.0,361.0,357.0,242.0,271.0,260.0,233.0,234.0,231.0,238.0,257.0,232.0,359.0,357.0,362.0,366.0,371.0,238.0,352.0,353.0,352.0,332.0,342.0,372.0,325.0,349.0,340.0,345.0,228.0,228.0,352.0,358.0,345.0,,362.0,364.0,361.0,259.0,227.0,238.0,348.0
2026-07-13 10:00:00,364.0,350.0,349.0,346.0,373.0,353.0,363.0,361.0,356.0,369.0,372.0,361.0,346.0,366.0,355.0,360.0,363.0,365.0,370.0,373.0,366.0,361.0,360.0,248.0,270.0,260.0,233.0,234.0,232.0,238.0,257.0,232.0,355.0,354.0,361.0,365.0,370.0,238.0,353.0,353.0,352.0,334.0,341.0,371.0,320.0,348.0,340.0,344.0,228.0,228.0,351.0,355.0,348.0,,361.0,363.0,362.0,258.0,228.0,236.0,347.0
2026-07-13 11:00:00,362.0,349.0,348.0,344.0,372.0,353.0,362.0,359.0,353.0,367.0,372.0,363.0,345.0,365.0,354.0,360.0,362.0,365.0,371.0,372.0,368.0,360.0,363.0,240.0,270.0,260.0,233.0,235.0,233.0,238.0,257.0,232.0,353.0,355.0,360.0,364.0,370.0,239.0,362.0,353.0,353.0,337.0,341.0,370.0,328.0,347.0,339.0,343.0,228.0,228.0,348.0,354.0,346.0,,360.0,362.0,362.0,258.0,229.0,236.0,346.0
2026-07-13 12:00:00,358.0,349.0,348.0,343.0,370.0,354.0,361.0,357.0,356.0,368.0,371.0,366.0,346.0,365.0,354.0,359.0,363.0,366.0,371.0,372.0,370.0,360.0,364.0,235.0,270.0,260.0,233.0,235.0,233.0,238.0,257.0,232.0,350.0,356.0,359.0,363.0,369.0,239.0,368.0,354.0,354.0,338.0,342.0,369.0,310.0,347.0,339.0,343.0,228.0,227.0,348.0,352.0,339.0,,360.0,360.0,360.0,258.0,230.0,235.0,345.0
2026-07-13 13:00:00,356.0,349.0,348.0,342.0,367.0,353.0,360.0,355.0,356.0,366.0,370.0,368.0,348.0,364.0,356.0,359.0,362.0,366.0,372.0,369.0,370.0,360.0,365.0,233.0,270.0,260.0,234.0,235.0,233.0,237.0,257.0,233.0,350.0,355.0,357.0,362.0,369.0,239.0,371.0,358.0,356.0,342.0,343.0,368.0,327.0,346.0,339.0,342.0,227.0,227.0,347.0,349.0,339.0,,359.0,359.0,360.0,260.0,230.0,235.0,345.0
2026-07-13 14:00:00,355.0,349.0,348.0,342.0,365.0,354.0,359.0,348.0,354.0,364.0,369.0,368.0,350.0,362.0,358.0,358.0,362.0,366.0,370.0,368.0,370.0,360.0,366.0,231.0,270.0,259.0,234.0,,233.0,237.0,257.0,232.0,350.0,353.0,354.0,361.0,368.0,240.0,365.0,363.0,361.0,347.0,348.0,369.0,310.0,346.0,338.0,341.0,227.0,227.0,346.0,345.0,345.0,,358.0,356.0,359.0,260.0,231.0,236.0,345.0
2026-07-13 15:00:00,356.0,349.0,349.0,342.0,364.0,353.0,359.0,351.0,354.0,363.0,367.0,368.0,350.0,361.0,357.0,357.0,362.0,365.0,364.0,371.0,371.0,359.0,366.0,230.0,270.0,259.0,234.0,233.0,233.0,237.0,256.0,,350.0,352.0,350.0,359.0,367.0,240.0,380.0,367.0,365.0,350.0,351.0,370.0,324.0,346.0,338.0,341.0,227.0,227.0,345.0,345.0,343.0,,357.0,355.0,358.0,260.0,231.0,234.0,347.0
2026-07-13 16:00:00,355.0,350.0,350.0,344.0,365.0,353.0,360.0,358.0,352.0,363.0,366.0,367.0,350.0,360.0,355.0,356.0,361.0,367.0,361.0,373.0,371.0,359.0,365.0,230.0,271.0,267.0,234.0,234.0,233.0,236.0,256.0,,351.0,351.0,350.0,357.0,365.0,240.0,382.0,370.0,368.0,352.0,355.0,372.0,317.0,346.0,338.0,341.0,225.0,227.0,344.0,345.0,348.0,,354.0,355.0,355.0,257.0,234.0,236.0,350.0
2026-07-13 17:00:00,355.0,352.0,352.0,346.0,361.0,352.0,361.0,361.0,350.0,363.0,363.0,366.0,348.0,356.0,354.0,354.0,360.0,369.0,360.0,374.0,370.0,358.0,365.0,229.0,271.0,271.0,234.0,234.0,233.0,236.0,256.0,,352.0,349.0,351.0,356.0,363.0,240.0,381.0,371.0,370.0,354.0,359.0,374.0,313.0,345.0,337.0,340.0,220.0,227.0,345.0,345.0,350.0,,354.0,354.0,354.0,252.0,232.0,236.0,354.0
2026-07-13 18:00:00,354.0,355.0,355.0,349.0,359.0,352.0,363.0,361.0,350.0,361.0,361.0,365.0,340.0,353.0,355.0,353.0,359.0,372.0,357.0,373.0,369.0,357.0,364.0,229.0,271.0,271.0,234.0,234.0,233.0,236.0,256.0,,354.0,347.0,353.0,354.0,362.0,240.0,384.0,373.0,371.0,355.0,359.0,376.0,319.0,345.0,336.0,340.0,217.0,227.0,346.0,348.0,357.0,,353.0,352.0,353.0,250.0,233.0,234.0,357.0
2026-07-13 19:00:00,354.0,360.0,360.0,353.0,357.0,351.0,367.0,354.0,347.0,360.0,360.0,365.0,335.0,353.0,357.0,352.0,358.0,371.0,355.0,370.0,367.0,357.0,362.0,229.0,270.0,271.0,234.0,234.0,233.0,235.0,256.0,,356.0,346.0,354.0,353.0,361.0,241.0,386.0,375.0,372.0,356.0,360.0,379.0,326.0,345.0,336.0,339.0,227.0,227.0,346.0,348.0,357.0,,351.0,351.0,352.0,248.0,234.0,231.0,360.0
2026-07-13 20:00:00,354.0,363.0,364.0,357.0,356.0,351.0,369.0,354.0,346.0,358.0,358.0,363.0,335.0,353.0,360.0,351.0,356.0,366.0,355.0,369.0,364.0,357.0,361.0,229.0,262.0,272.0,234.0,234.0,232.0,235.0,256.0,,360.0,345.0,360.0,353.0,360.0,241.0,381.0,375.0,372.0,356.0,361.0,379.0,312.0,345.0,336.0,339.0,227.0,227.0,347.0,350.0,359.0,,352.0,352.0,350.0,248.0,233.0,233.0,362.0
2026-07-13 21:00:00,353.0,367.0,367.0,359.0,355.0,351.0,370.0,353.0,348.0,357.0,357.0,362.0,336.0,354.0,361.0,350.0,354.0,366.0,355.0,369.0,362.0,358.0,358.0,228.0,260.0,272.0,234.0,234.0,232.0,236.0,255.0,,364.0,344.0,363.0,354.0,359.0,241.0,379.0,375.0,372.0,356.0,363.0,380.0,329.0,344.0,336.0,339.0,227.0,227.0,348.0,350.0,359.0,,351.0,352.0,348.0,249.0,233.0,234.0,362.0
2026-07-13 22:00:00,354.0,369.0,368.0,361.0,355.0,351.0,371.0,355.0,350.0,359.0,357.0,360.0,337.0,355.0,362.0,350.0,354.0,365.0,355.0,366.0,360.0,358.0,357.0,228.0,258.0,272.0,234.0,234.0,232.0,236.0,255.0,,367.0,344.0,364.0,356.0,358.0,241.0,379.0,375.0,372.0,355.0,364.0,379.0,317.0,345.0,336.0,339.0,227.0,227.0,353.0,353.0,355.0,,351.0,353.0,349.0,248.0,234.0,232.0,364.0
2026-07-13 23:00:00,359.0,369.0,369.0,362.0,355.0,350.0,370.0,358.0,352.0,360.0,357.0,358.0,338.0,357.0,362.0,351.0,353.0,364.0,355.0,371.0,358.0,360.0,355.0,228.0,257.0,272.0,234.0,234.0,231.0,237.0,255.0,,369.0,344.0,366.0,358.0,358.0,241.0,386.0,375.0,372.0,354.0,364.0,377.0,329.0,345.0,336.0,339.0,227.0,227.0,354.0,355.0,357.0,,353.0,355.0,348.0,248.0,233.0,231.0,365.0
2026-07-14 00:00:00,365.0,370.0,369.0,363.0,358.0,351.0,369.0,361.0,352.0,362.0,359.0,358.0,340.0,360.0,363.0,352.0,353.0,371.0,355.0,377.0,357.0,361.0,354.0,228.0,258.0,272.0,234.0,234.0,231.0,237.0,255.0,,370.0,345.0,366.0,360.0,358.0,240.0,386.0,375.0,372.0,354.0,364.0,376.0,330.0,346.0,336.0,341.0,227.0,227.0,356.0,357.0,357.0,,355.0,358.0,348.0,248.0,234.0,235.0,365.0
2026-07-14 01:00:00,366.0,,369.0,364.0,359.0,350.0,369.0,363.0,352.0,362.0,361.0,357.0,346.0,362.0,363.0,355.0,353.0,369.0,357.0,378.0,357.0,362.0,352.0,228.0,257.0,272.0,234.0,234.0,232.0,237.0,255.0,,371.0,347.0,366.0,362.0,358.0,240.0,381.0,374.0,371.0,354.0,363.0,375.0,329.0,347.0,336.0,342.0,228.0,227.0,359.0,360.0,359.0,,357.0,362.0,350.0,247.0,232.0,233.0,365.0
2026-07-14 02:00:00,366.0,,369.0,364.0,363.0,351.0,368.0,368.0,352.0,363.0,362.0,356.0,352.0,363.0,362.0,359.0,353.0,368.0,361.0,377.0,356.0,363.0,352.0,228.0,258.0,272.0,234.0,234.0,232.0,238.0,256.0,,371.0,348.0,367.0,364.0,358.0,238.0,366.0,370.0,370.0,351.0,360.0,374.0,320.0,348.0,336.0,344.0,228.0,227.0,361.0,359.0,357.0,,357.0,363.0,350.0,248.0,234.0,232.0,365.0
2026-07-14 03:00:00,366.0,,369.0,364.0,368.0,351.0,366.0,368.0,352.0,364.0,364.0,356.0,359.0,364.0,362.0,360.0,354.0,371.0,363.0,377.0,355.0,365.0,352.0,228.0,258.0,272.0,234.0,234.0,232.0,238.0,256.0,,371.0,350.0,368.0,366.0,358.0,240.0,376.0,369.0,369.0,348.0,359.0,374.0,311.0,349.0,336.0,346.0,228.0,228.0,363.0,361.0,359.0,,358.0,365.0,352.0,248.0,232.0,231.0,364.0
2026-07-14 04:00:00,367.0,,368.0,363.0,371.0,351.0,366.0,368.0,354.0,365.0,366.0,356.0,363.0,364.0,359.0,361.0,354.0,370.0,365.0,376.0,355.0,366.0,351.0,228.0,258.0,272.0,234.0,234.0,232.0,237.0,256.0,,370.0,352.0,369.0,367.0,359.0,239.0,376.0,364.0,365.0,343.0,357.0,372.0,323.0,350.0,337.0,347.0,228.0,228.0,362.0,365.0,361.0,,361.0,365.0,353.0,248.0,232.0,234.0,364.0
2026-07-14 05:00:00,368.0,,368.0,362.0,373.0,351.0,365.0,367.0,363.0,364.0,367.0,355.0,362.0,368.0,356.0,362.0,355.0,368.0,367.0,374.0,355.0,367.0,351.0,228.0,257.0,273.0,234.0,234.0,232.0,238.0,256.0,,370.0,354.0,369.0,369.0,359.0,239.0,362.0,362.0,362.0,342.0,353.0,371.0,332.0,351.0,338.0,349.0,228.0,228.0,363.0,365.0,361.0,,362.0,366.0,355.0,248.0,232.0,235.0,362.0
2026-07-14 06:00:00,368.0,,367.0,362.0,374.0,351.0,365.0,367.0,361.0,366.0,368.0,355.0,,370.0,352.0,363.0,359.0,366.0,368.0,363.0,355.0,367.0,352.0,228.0,257.0,273.0,234.0,234.0,232.0,238.0,256.0,,370.0,356.0,368.0,370.0,361.0,240.0,368.0,359.0,359.0,339.0,352.0,370.0,331.0,352.0,339.0,350.0,229.0,228.0,363.0,366.0,361.0,,363.0,365.0,358.0,245.0,232.0,232.0,361.0
2026-07-14 07:00:00,370.0,,365.0,360.0,375.0,353.0,362.0,366.0,364.0,367.0,369.0,356.0,,370.0,351.0,364.0,362.0,364.0,368.0,366.0,355.0,367.0,352.0,228.0,257.0,273.0,234.0,234.0,232.0,238.0,256.0,,369.0,357.0,370.0,371.0,367.0,240.0,358.0,356.0,357.0,338.0,348.0,369.0,321.0,353.0,339.0,350.0,229.0,229.0,362.0,367.0,355.0,,363.0,368.0,360.0,245.0,232.0,235.0,359.0
2026-07-14 08:00:00,370.0,,360.0,357.0,376.0,354.0,362.0,368.0,361.0,368.0,372.0,358.0,348.0,371.0,353.0,362.0,364.0,363.0,369.0,372.0,358.0,366.0,352.0,228.0,257.0,273.0,234.0,234.0,232.0,238.0,257.0,,368.0,361.0,371.0,372.0,374.0,240.0,363.0,353.0,354.0,337.0,345.0,369.0,314.0,352.0,340.0,350.0,229.0,229.0,360.0,366.0,348.0,,362.0,368.0,363.0,248.0,232.0,229.0,354.0
2026-07-14 09:00:00,370.0,,356.0,354.0,377.0,354.0,361.0,367.0,363.0,369.0,373.0,361.0,350.0,371.0,361.0,359.0,366.0,367.0,369.0,373.0,363.0,365.0,354.0,228.0,256.0,273.0,234.0,235.0,232.0,238.0,257.0,,365.0,363.0,368.0,372.0,370.0,240.0,356.0,352.0,351.0,336.0,342.0,367.0,330.0,351.0,341.0,348.0,229.0,229.0,360.0,366.0,350.0,,362.0,367.0,365.0,254.0,229.0,228.0,351.0
2026-07-14 10:00:00,370.0,,352.0,350.0,378.0,356.0,359.0,365.0,362.0,372.0,377.0,363.0,349.0,371.0,362.0,359.0,365.0,365.0,370.0,373.0,367.0,364.0,355.0,228.0,255.0,273.0,234.0,235.0,233.0,238.0,257.0,,360.0,362.0,365.0,372.0,367.0,240.0,354.0,348.0,348.0,334.0,339.0,365.0,325.0,350.0,342.0,346.0,229.0,229.0,358.0,364.0,348.0,,362.0,367.0,365.0,257.0,230.0,228.0,349.0
2026-07-14 11:00:00,368.0,,348.0,347.0,378.0,357.0,357.0,363.0,362.0,373.0,377.0,366.0,346.0,370.0,362.0,360.0,365.0,365.0,370.0,374.0,370.0,363.0,359.0,228.0,260.0,273.0,234.0,235.0,234.0,238.0,258.0,,355.0,360.0,363.0,371.0,368.0,240.0,364.0,348.0,348.0,332.0,337.0,365.0,321.0,350.0,342.0,344.0,229.0,229.0,354.0,360.0,343.0,,361.0,366.0,365.0,259.0,231.0,229.0,346.0
2026-07-14 12:00:00,364.0,,346.0,344.0,377.0,357.0,356.0,361.0,362.0,373.0,377.0,369.0,348.0,369.0,360.0,361.0,366.0,367.0,372.0,373.0,371.0,362.0,364.0,228.0,265.0,273.0,234.0,235.0,234.0,238.0,258.0,,351.0,360.0,362.0,370.0,368.0,241.0,363.0,348.0,348.0,333.0,337.0,365.0,316.0,348.0,342.0,343.0,229.0,229.0,352.0,355.0,341.0,,360.0,365.0,366.0,259.0,230.0,230.0,343.0
2026-07-14 13:00:00,361.0,,345.0,342.0,376.0,358.0,355.0,359.0,361.0,372.0,377.0,371.0,350.0,368.0,360.0,361.0,366.0,365.0,373.0,370.0,372.0,360.0,367.0,228.0,268.0,273.0,234.0,235.0,235.0,238.0,258.0,,349.0,360.0,360.0,369.0,369.0,241.0,363.0,349.0,348.0,336.0,337.0,365.0,328.0,347.0,341.0,342.0,229.0,229.0,349.0,350.0,345.0,,360.0,363.0,366.0,261.0,232.0,229.0,342.0
2026-07-14 14:00:00,358.0,,344.0,340.0,373.0,358.0,356.0,350.0,361.0,369.0,375.0,372.0,353.0,367.0,355.0,360.0,366.0,365.0,372.0,370.0,373.0,358.0,370.0,228.0,272.0,273.0,234.0,235.0,235.0,238.0,258.0,,347.0,358.0,358.0,367.0,369.0,242.0,368.0,352.0,349.0,339.0,337.0,368.0,316.0,346.0,340.0,341.0,229.0,229.0,347.0,348.0,337.0,,360.0,361.0,366.0,260.0,234.0,233.0,340.0
2026-07-14 15:00:00,357.0,,344.0,339.0,370.0,356.0,358.0,345.0,357.0,366.0,374.0,373.0,354.0,366.0,352.0,360.0,366.0,365.0,370.0,372.0,374.0,357.0,368.0,228.0,273.0,273.0,235.0,235.0,235.0,238.0,258.0,233.0,347.0,357.0,350.0,364.0,368.0,242.0,367.0,357.0,355.0,345.0,340.0,372.0,315.0,345.0,339.0,340.0,228.0,228.0,345.0,348.0,346.0,,357.0,360.0,365.0,253.0,234.0,234.0,340.0
2026-07-14 16:00:00,356.0,,344.0,338.0,368.0,355.0,362.0,344.0,361.0,365.0,371.0,373.0,353.0,364.0,352.0,358.0,365.0,362.0,367.0,371.0,374.0,357.0,363.0,229.0,274.0,273.0,233.0,235.0,235.0,238.0,257.0,234.0,346.0,355.0,347.0,361.0,366.0,242.0,373.0,363.0,360.0,351.0,346.0,375.0,312.0,344.0,338.0,338.0,228.0,228.0,341.0,347.0,341.0,,356.0,360.0,364.0,253.0,235.0,235.0,341.0
2026-07-14 17:00:00,355.0,,344.0,338.0,365.0,354.0,365.0,344.0,348.0,363.0,369.0,372.0,348.0,361.0,352.0,356.0,363.0,366.0,366.0,372.0,374.0,355.0,369.0,229.0,270.0,273.0,232.0,235.0,235.0,238.0,257.0,234.0,345.0,344.0,346.0,357.0,365.0,242.0,382.0,369.0,367.0,356.0,351.0,378.0,314.0,343.0,337.0,337.0,227.0,228.0,340.0,347.0,343.0,,354.0,357.0,359.0,251.0,237.0,236.0,344.0
2026-07-14 18:00:00,355.0,,346.0,339.0,362.0,353.0,368.0,345.0,348.0,362.0,365.0,372.0,341.0,358.0,361.0,354.0,362.0,372.0,365.0,380.0,374.0,354.0,370.0,229.0,264.0,272.0,232.0,235.0,235.0,237.0,257.0,234.0,346.0,343.0,346.0,355.0,364.0,242.0,384.0,373.0,371.0,361.0,357.0,381.0,321.0,342.0,336.0,337.0,227.0,227.0,340.0,346.0,339.0,,350.0,354.0,356.0,250.0,235.0,236.0,348.0
2026-07-14 19:00:00,355.0,,349.0,342.0,359.0,352.0,371.0,349.0,340.0,359.0,362.0,370.0,334.0,352.0,361.0,353.0,361.0,371.0,364.0,379.0,374.0,354.0,369.0,229.0,261.0,272.0,234.0,235.0,235.0,237.0,257.0,234.0,347.0,342.0,355.0,353.0,362.0,242.0,380.0,376.0,375.0,364.0,362.0,382.0,314.0,341.0,336.0,335.0,227.0,227.0,341.0,347.0,345.0,,348.0,351.0,355.0,249.0,234.0,235.0,352.0
2026-07-14 20:00:00,356.0,,355.0,347.0,356.0,351.0,373.0,360.0,342.0,354.0,358.0,369.0,334.0,350.0,362.0,349.0,357.0,365.0,364.0,375.0,372.0,354.0,366.0,229.0,259.0,271.0,234.0,235.0,234.0,237.0,257.0,234.0,350.0,342.0,356.0,351.0,360.0,242.0,385.0,377.0,376.0,365.0,365.0,383.0,317.0,341.0,335.0,335.0,227.0,227.0,341.0,350.0,350.0,,346.0,349.0,353.0,248.0,236.0,235.0,357.0
2026-07-14 21:00:00,354.0,,365.0,352.0,354.0,350.0,374.0,355.0,345.0,353.0,356.0,367.0,334.0,349.0,365.0,347.0,356.0,368.0,360.0,373.0,368.0,355.0,365.0,229.0,259.0,270.0,234.0,235.0,234.0,237.0,257.0,234.0,356.0,341.0,357.0,350.0,357.0,242.0,388.0,380.0,377.0,366.0,367.0,385.0,317.0,341.0,334.0,335.0,227.0,227.0,342.0,352.0,352.0,,346.0,349.0,347.0,248.0,235.0,235.0,361.0
2026-07-14 22:00:00,352.0,,369.0,357.0,352.0,349.0,375.0,355.0,341.0,354.0,355.0,365.0,332.0,349.0,366.0,347.0,353.0,367.0,352.0,368.0,364.0,356.0,361.0,230.0,258.0,270.0,234.0,235.0,233.0,238.0,257.0,234.0,363.0,341.0,359.0,350.0,355.0,242.0,391.0,381.0,377.0,366.0,367.0,385.0,315.0,342.0,334.0,337.0,227.0,228.0,343.0,352.0,359.0,,346.0,348.0,347.0,247.0,234.0,235.0,365.0
2026-07-14 23:00:00,352.0,,372.0,361.0,350.0,349.0,375.0,358.0,347.0,355.0,354.0,363.0,331.0,350.0,366.0,346.0,351.0,373.0,350.0,365.0,362.0,358.0,359.0,229.0,258.0,270.0,235.0,235.0,233.0,238.0,257.0,234.0,368.0,340.0,362.0,351.0,354.0,242.0,392.0,380.0,377.0,365.0,367.0,385.0,306.0,343.0,334.0,338.0,227.0,228.0,347.0,354.0,357.0,,346.0,349.0,345.0,247.0,234.0,235.0,368.0
2026-07-15 00:00:00,354.0,,373.0,365.0,350.0,348.0,375.0,361.0,352.0,358.0,354.0,360.0,326.0,351.0,366.0,346.0,350.0,371.0,351.0,363.0,360.0,361.0,358.0,229.0,257.0,271.0,235.0,235.0,233.0,239.0,257.0,234.0,372.0,340.0,364.0,352.0,353.0,242.0,386.0,375.0,377.0,365.0,366.0,385.0,323.0,345.0,334.0,341.0,228.0,228.0,347.0,358.0,361.0,,346.0,351.0,344.0,245.0,234.0,236.0,370.0
2026-07-15 01:00:00,354.0,,374.0,367.0,351.0,348.0,375.0,363.0,350.0,360.0,354.0,359.0,326.0,353.0,366.0,347.0,350.0,370.0,351.0,367.0,359.0,362.0,357.0,229.0,257.0,272.0,235.0,235.0,233.0,239.0,257.0,234.0,374.0,340.0,366.0,354.0,353.0,242.0,388.0,371.0,376.0,363.0,364.0,385.0,323.0,347.0,334.0,344.0,228.0,228.0,348.0,364.0,361.0,,348.0,354.0,343.0,245.0,233.0,231.0,371.0
2026-07-15 02:00:00,355.0,,374.0,368.0,353.0,348.0,375.0,366.0,350.0,360.0,354.0,357.0,337.0,355.0,359.0,348.0,349.0,370.0,351.0,368.0,356.0,364.0,353.0,229.0,257.0,272.0,235.0,235.0,233.0,239.0,257.0,234.0,375.0,341.0,367.0,356.0,353.0,241.0,385.0,369.0,376.0,360.0,364.0,384.0,323.0,348.0,335.0,347.0,228.0,228.0,354.0,366.0,361.0,,348.0,356.0,345.0,246.0,233.0,236.0,371.0
2026-07-15 03:00:00,357.0,,375.0,368.0,356.0,348.0,375.0,372.0,351.0,360.0,355.0,356.0,350.0,358.0,358.0,351.0,349.0,369.0,351.0,374.0,354.0,366.0,352.0,229.0,257.0,272.0,235.0,234.0,233.0,239.0,257.0,234.0,376.0,342.0,372.0,359.0,353.0,242.0,372.0,365.0,372.0,356.0,362.0,384.0,323.0,350.0,336.0,349.0,228.0,228.0,355.0,370.0,357.0,,352.0,360.0,345.0,247.0,232.0,235.0,370.0
2026-07-15 04:00:00,358.0,,374.0,369.0,360.0,348.0,376.0,373.0,359.0,360.0,357.0,356.0,353.0,360.0,360.0,352.0,349.0,369.0,350.0,374.0,353.0,368.0,350.0,229.0,257.0,272.0,235.0,233.0,233.0,239.0,257.0,234.0,376.0,344.0,374.0,361.0,352.0,242.0,378.0,363.0,368.0,353.0,359.0,384.0,323.0,352.0,337.0,351.0,228.0,229.0,357.0,370.0,355.0,,356.0,363.0,346.0,248.0,232.0,234.0,369.0
2026-07-15 05:00:00,362.0,,374.0,369.0,364.0,349.0,375.0,373.0,365.0,361.0,358.0,353.0,349.0,364.0,356.0,354.0,350.0,371.0,351.0,379.0,352.0,368.0,349.0,229.0,256.0,272.0,235.0,233.0,233.0,240.0,257.0,234.0,376.0,347.0,374.0,364.0,352.0,241.0,372.0,359.0,364.0,349.0,354.0,383.0,323.0,353.0,338.0,351.0,229.0,229.0,361.0,372.0,350.0,,360.0,365.0,349.0,250.0,232.0,231.0,367.0
2026-07-15 06:00:00,365.0,,372.0,367.0,368.0,350.0,375.0,372.0,364.0,362.0,359.0,352.0,,366.0,352.0,359.0,350.0,371.0,351.0,359.0,351.0,369.0,348.0,228.0,256.0,273.0,235.0,233.0,233.0,240.0,257.0,234.0,376.0,348.0,373.0,366.0,353.0,241.0,370.0,357.0,359.0,345.0,352.0,382.0,323.0,355.0,340.0,353.0,229.0,229.0,363.0,372.0,345.0,,361.0,367.0,353.0,250.0,232.0,235.0,365.0
2026-07-15 07:00:00,369.0,,370.0,364.0,370.0,352.0,354.0,371.0,366.0,364.0,362.0,351.0,,368.0,348.0,361.0,351.0,371.0,360.0,358.0,351.0,370.0,347.0,228.0,255.0,273.0,235.0,234.0,233.0,240.0,257.0,234.0,375.0,351.0,372.0,369.0,354.0,241.0,366.0,353.0,355.0,342.0,348.0,381.0,325.0,356.0,341.0,354.0,229.0,229.0,360.0,373.0,346.0,,361.0,368.0,356.0,250.0,232.0,234.0,360.0
2026-07-15 08:00:00,369.0,,364.0,361.0,373.0,353.0,373.0,370.0,365.0,366.0,366.0,351.0,347.0,371.0,356.0,357.0,358.0,371.0,368.0,364.0,351.0,371.0,347.0,228.0,258.0,273.0,235.0,235.0,233.0,240.0,258.0,234.0,373.0,356.0,373.0,373.0,361.0,242.0,351.0,350.0,350.0,337.0,342.0,378.0,331.0,356.0,343.0,354.0,229.0,230.0,361.0,372.0,343.0,,362.0,371.0,362.0,256.0,231.0,235.0,356.0
2026-07-15 09:00:00,370.0,,357.0,355.0,378.0,355.0,370.0,369.0,365.0,370.0,372.0,353.0,354.0,372.0,360.0,361.0,363.0,368.0,372.0,367.0,353.0,371.0,348.0,233.0,262.0,273.0,235.0,235.0,233.0,240.0,258.0,,370.0,367.0,370.0,376.0,367.0,241.0,361.0,348.0,347.0,332.0,338.0,374.0,335.0,357.0,344.0,355.0,229.0,229.0,358.0,370.0,348.0,,363.0,372.0,365.0,258.0,230.0,230.0,352.0
2026-07-15 10:00:00,373.0,,351.0,350.0,381.0,357.0,367.0,367.0,362.0,375.0,377.0,356.0,355.0,374.0,358.0,362.0,364.0,370.0,375.0,368.0,358.0,370.0,350.0,231.0,264.0,273.0,235.0,235.0,234.0,240.0,258.0,,364.0,367.0,367.0,376.0,368.0,241.0,358.0,345.0,344.0,332.0,336.0,,333.0,355.0,345.0,354.0,230.0,230.0,358.0,366.0,334.0,,364.0,371.0,368.0,260.0,230.0,231.0,348.0
2026-07-15 11:00:00,371.0,,347.0,345.0,382.0,358.0,364.0,364.0,363.0,375.0,380.0,360.0,353.0,375.0,359.0,364.0,366.0,371.0,375.0,376.0,365.0,369.0,357.0,231.0,267.0,273.0,235.0,235.0,235.0,240.0,259.0,,358.0,364.0,363.0,376.0,372.0,241.0,355.0,342.0,343.0,331.0,331.0,366.0,326.0,356.0,346.0,353.0,230.0,230.0,355.0,363.0,328.0,,363.0,371.0,370.0,261.0,231.0,231.0,344.0
2026-07-15 12:00:00,368.0,,344.0,341.0,383.0,360.0,360.0,362.0,364.0,374.0,381.0,363.0,353.0,375.0,356.0,364.0,368.0,371.0,376.0,382.0,368.0,368.0,363.0,230.0,271.0,273.0,235.0,236.0,235.0,240.0,259.0,,352.0,361.0,361.0,374.0,373.0,241.0,348.0,342.0,343.0,332.0,331.0,366.0,328.0,355.0,346.0,352.0,229.0,230.0,353.0,362.0,332.0,,363.0,369.0,370.0,264.0,233.0,232.0,340.0
2026-07-15 13:00:00,365.0,,341.0,338.0,381.0,361.0,357.0,359.0,362.0,372.0,380.0,368.0,355.0,375.0,356.0,365.0,368.0,369.0,376.0,377.0,369.0,365.0,365.0,230.0,274.0,273.0,235.0,,235.0,240.0,260.0,,347.0,361.0,359.0,372.0,373.0,242.0,355.0,342.0,343.0,332.0,331.0,362.0,337.0,354.0,347.0,351.0,229.0,229.0,348.0,352.0,335.0,,363.0,367.0,372.0,264.0,234.0,233.0,337.0
2026-07-15 14:00:00,360.0,,339.0,335.0,378.0,361.0,354.0,346.0,364.0,370.0,378.0,371.0,356.0,372.0,355.0,364.0,368.0,366.0,377.0,374.0,373.0,363.0,370.0,230.0,275.0,273.0,236.0,,235.0,240.0,260.0,,345.0,361.0,356.0,369.0,373.0,242.0,359.0,344.0,343.0,335.0,331.0,359.0,335.0,353.0,347.0,351.0,228.0,229.0,343.0,345.0,330.0,,362.0,363.0,371.0,266.0,235.0,235.0,335.0
2026-07-15 15:00:00,358.0,,337.0,333.0,373.0,362.0,352.0,341.0,363.0,367.0,376.0,372.0,355.0,370.0,353.0,363.0,368.0,359.0,375.0,375.0,375.0,361.0,372.0,230.0,276.0,273.0,236.0,,235.0,240.0,260.0,,343.0,359.0,346.0,366.0,373.0,242.0,359.0,349.0,346.0,340.0,334.0,358.0,319.0,352.0,347.0,349.0,227.0,228.0,341.0,345.0,352.0,,358.0,359.0,369.0,265.0,234.0,237.0,334.0
2026-07-15 16:00:00,357.0,,337.0,332.0,370.0,362.0,351.0,338.0,357.0,365.0,374.0,375.0,354.0,368.0,347.0,361.0,368.0,358.0,372.0,380.0,375.0,359.0,374.0,230.0,277.0,273.0,236.0,231.0,236.0,239.0,259.0,,340.0,356.0,343.0,362.0,370.0,242.0,349.0,356.0,352.0,347.0,338.0,360.0,329.0,351.0,346.0,348.0,227.0,227.0,337.0,339.0,346.0,,355.0,355.0,367.0,264.0,235.0,236.0,334.0
2026-07-15 17:00:00,356.0,,336.0,332.0,366.0,361.0,351.0,337.0,346.0,362.0,372.0,376.0,350.0,362.0,349.0,358.0,367.0,358.0,365.0,379.0,377.0,356.0,371.0,230.0,277.0,273.0,236.0,235.0,236.0,239.0,258.0,,339.0,353.0,341.0,357.0,367.0,242.0,369.0,362.0,359.0,354.0,345.0,363.0,325.0,349.0,345.0,345.0,227.0,226.0,335.0,341.0,346.0,,352.0,350.0,362.0,262.0,236.0,236.0,336.0
2026-07-15 18:00:00,355.0,,337.0,332.0,361.0,361.0,353.0,337.0,348.0,357.0,367.0,376.0,341.0,353.0,358.0,356.0,364.0,364.0,362.0,384.0,379.0,354.0,373.0,230.0,275.0,272.0,236.0,236.0,236.0,238.0,258.0,,339.0,350.0,339.0,353.0,366.0,242.0,376.0,369.0,367.0,359.0,351.0,367.0,306.0,347.0,344.0,341.0,227.0,226.0,334.0,339.0,343.0,,349.0,348.0,357.0,261.0,235.0,238.0,340.0
2026-07-15 19:00:00,355.0,,340.0,334.0,358.0,359.0,358.0,341.0,335.0,351.0,363.0,375.0,336.0,349.0,360.0,353.0,361.0,367.0,355.0,380.0,378.0,352.0,372.0,230.0,274.0,271.0,235.0,235.0,235.0,238.0,258.0,,340.0,344.0,353.0,350.0,363.0,243.0,376.0,374.0,371.0,363.0,359.0,374.0,336.0,345.0,343.0,338.0,226.0,226.0,334.0,343.0,346.0,,346.0,346.0,355.0,260.0,235.0,235.0,345.0
2026-07-15 20:00:00,355.0,,349.0,338.0,354.0,358.0,362.0,348.0,340.0,349.0,359.0,372.0,333.0,346.0,350.0,350.0,358.0,366.0,350.0,378.0,376.0,350.0,370.0,230.0,273.0,271.0,235.0,236.0,234.0,238.0,258.0,,342.0,340.0,353.0,348.0,361.0,243.0,379.0,377.0,375.0,365.0,362.0,378.0,326.0,343.0,341.0,336.0,226.0,227.0,334.0,354.0,350.0,,346.0,345.0,351.0,259.0,234.0,234.0,351.0
2026-07-15 21:00:00,354.0,,357.0,344.0,351.0,357.0,369.0,353.0,335.0,349.0,356.0,370.0,332.0,344.0,351.0,347.0,356.0,373.0,351.0,377.0,371.0,350.0,367.0,230.0,272.0,271.0,235.0,236.0,234.0,238.0,258.0,,348.0,337.0,352.0,345.0,358.0,243.0,384.0,377.0,376.0,365.0,364.0,383.0,315.0,341.0,339.0,334.0,227.0,227.0,334.0,353.0,357.0,,344.0,343.0,345.0,259.0,234.0,233.0,357.0
2026-07-15 22:00:00,350.0,,365.0,349.0,348.0,355.0,373.0,352.0,334.0,349.0,353.0,366.0,331.0,344.0,353.0,346.0,352.0,371.0,351.0,374.0,365.0,351.0,360.0,230.0,271.0,271.0,235.0,236.0,233.0,239.0,259.0,,356.0,336.0,353.0,344.0,357.0,243.0,384.0,376.0,376.0,365.0,364.0,386.0,334.0,341.0,337.0,332.0,227.0,227.0,335.0,353.0,365.0,,341.0,343.0,342.0,256.0,234.0,233.0,362.0
2026-07-15 23:00:00,345.0,,369.0,356.0,346.0,353.0,376.0,353.0,340.0,358.0,352.0,363.0,328.0,344.0,356.0,345.0,350.0,370.0,351.0,364.0,362.0,352.0,357.0,230.0,270.0,271.0,235.0,235.0,231.0,239.0,258.0,,362.0,334.0,354.0,344.0,355.0,243.0,380.0,375.0,376.0,365.0,364.0,389.0,321.0,340.0,336.0,332.0,227.0,227.0,340.0,354.0,365.0,,340.0,342.0,339.0,250.0,234.0,234.0,366.0
2026-07-16 00:00:00,345.0,,371.0,361.0,344.0,351.0,378.0,356.0,352.0,359.0,350.0,359.0,326.0,345.0,358.0,344.0,349.0,373.0,351.0,375.0,359.0,354.0,356.0,230.0,270.0,271.0,235.0,235.0,231.0,239.0,258.0,,368.0,334.0,356.0,345.0,353.0,243.0,382.0,375.0,376.0,364.0,364.0,390.0,324.0,340.0,335.0,331.0,227.0,227.0,341.0,355.0,365.0,,341.0,343.0,338.0,248.0,230.0,235.0,368.0
2026-07-16 01:00:00,349.0,,371.0,365.0,344.0,350.0,379.0,358.0,348.0,359.0,350.0,360.0,323.0,347.0,359.0,345.0,347.0,374.0,351.0,383.0,356.0,357.0,354.0,230.0,269.0,271.0,235.0,234.0,231.0,239.0,258.0,,371.0,334.0,359.0,347.0,353.0,242.0,380.0,375.0,374.0,361.0,364.0,390.0,333.0,340.0,334.0,332.0,227.0,227.0,346.0,360.0,365.0,,343.0,347.0,339.0,247.0,229.0,235.0,367.0
2026-07-16 02:00:00,352.0,,371.0,366.0,345.0,349.0,375.0,360.0,347.0,359.0,350.0,358.0,338.0,349.0,360.0,345.0,346.0,373.0,351.0,384.0,354.0,358.0,350.0,229.0,269.0,272.0,235.0,233.0,231.0,240.0,258.0,,373.0,334.0,361.0,349.0,352.0,241.0,383.0,371.0,370.0,359.0,362.0,390.0,332.0,341.0,333.0,334.0,227.0,228.0,354.0,364.0,365.0,,344.0,350.0,337.0,248.0,230.0,235.0,367.0
2026-07-16 03:00:00,353.0,,371.0,366.0,348.0,348.0,379.0,365.0,349.0,358.0,350.0,356.0,347.0,353.0,365.0,348.0,346.0,374.0,349.0,380.0,352.0,361.0,346.0,229.0,269.0,272.0,235.0,233.0,231.0,240.0,258.0,,373.0,335.0,365.0,353.0,352.0,242.0,374.0,368.0,368.0,353.0,359.0,390.0,327.0,343.0,333.0,337.0,227.0,228.0,355.0,366.0,368.0,,346.0,355.0,338.0,248.0,231.0,235.0,366.0
2026-07-16 04:00:00,354.0,,370.0,366.0,351.0,347.0,380.0,372.0,358.0,358.0,352.0,355.0,348.0,357.0,365.0,349.0,345.0,375.0,352.0,380.0,350.0,366.0,344.0,229.0,269.0,272.0,235.0,233.0,231.0,240.0,258.0,,372.0,337.0,369.0,357.0,351.0,241.0,374.0,363.0,363.0,347.0,355.0,389.0,321.0,346.0,333.0,341.0,228.0,228.0,357.0,367.0,359.0,,350.0,358.0,338.0,247.0,230.0,234.0,364.0
2026-07-16 05:00:00,358.0,,369.0,365.0,356.0,346.0,381.0,371.0,364.0,359.0,353.0,353.0,347.0,362.0,362.0,350.0,345.0,377.0,355.0,380.0,349.0,368.0,343.0,228.0,268.0,272.0,235.0,232.0,232.0,240.0,258.0,,372.0,339.0,371.0,362.0,350.0,239.0,368.0,357.0,358.0,342.0,352.0,388.0,311.0,348.0,334.0,346.0,228.0,228.0,358.0,368.0,366.0,,353.0,362.0,340.0,247.0,230.0,232.0,363.0
2026-07-16 06:00:00,360.0,,368.0,363.0,360.0,346.0,381.0,369.0,360.0,361.0,353.0,350.0,330.0,366.0,352.0,353.0,346.0,375.0,358.0,353.0,348.0,370.0,342.0,228.0,260.0,273.0,236.0,233.0,232.0,240.0,258.0,,371.0,342.0,370.0,367.0,350.0,239.0,361.0,352.0,353.0,338.0,348.0,387.0,303.0,351.0,335.0,350.0,228.0,228.0,359.0,368.0,363.0,,354.0,365.0,344.0,247.0,229.0,230.0,361.0
2026-07-16 07:00:00,365.0,,367.0,361.0,365.0,346.0,360.0,367.0,363.0,365.0,358.0,347.0,331.0,370.0,349.0,356.0,347.0,375.0,363.0,353.0,346.0,371.0,341.0,227.0,257.0,273.0,236.0,234.0,232.0,240.0,258.0,,371.0,346.0,369.0,370.0,350.0,241.0,360.0,349.0,349.0,335.0,343.0,386.0,338.0,354.0,337.0,354.0,228.0,228.0,357.0,368.0,361.0,,356.0,366.0,351.0,247.0,228.0,231.0,357.0
2026-07-16 08:00:00,367.0,,361.0,358.0,369.0,348.0,378.0,367.0,359.0,374.0,363.0,345.0,350.0,371.0,359.0,358.0,352.0,375.0,364.0,356.0,344.0,374.0,341.0,227.0,257.0,273.0,236.0,235.0,232.0,240.0,258.0,,369.0,353.0,369.0,373.0,354.0,242.0,359.0,345.0,345.0,332.0,338.0,384.0,335.0,357.0,340.0,358.0,228.0,228.0,359.0,369.0,355.0,,363.0,367.0,356.0,250.0,228.0,234.0,351.0
2026-07-16 09:00:00,368.0,,352.0,353.0,374.0,351.0,376.0,366.0,361.0,374.0,368.0,345.0,354.0,374.0,365.0,359.0,356.0,372.0,365.0,359.0,347.0,374.0,342.0,227.0,257.0,273.0,236.0,234.0,233.0,240.0,259.0,235.0,366.0,364.0,368.0,374.0,365.0,240.0,356.0,342.0,342.0,330.0,333.0,380.0,323.0,359.0,343.0,359.0,229.0,228.0,357.0,369.0,350.0,,363.0,367.0,359.0,256.0,229.0,232.0,346.0
2026-07-16 10:00:00,370.0,,344.0,347.0,378.0,354.0,373.0,364.0,362.0,374.0,376.0,346.0,353.0,374.0,360.0,359.0,359.0,367.0,365.0,359.0,351.0,374.0,345.0,227.0,260.0,273.0,236.0,234.0,233.0,240.0,259.0,235.0,358.0,363.0,364.0,374.0,367.0,240.0,352.0,340.0,338.0,327.0,330.0,374.0,328.0,358.0,346.0,360.0,229.0,229.0,355.0,365.0,341.0,,364.0,367.0,364.0,258.0,230.0,228.0,342.0
2026-07-16 11:00:00,367.0,,340.0,341.0,380.0,357.0,370.0,361.0,360.0,374.0,378.0,350.0,354.0,373.0,362.0,361.0,361.0,370.0,366.0,383.0,359.0,373.0,353.0,228.0,263.0,274.0,236.0,235.0,234.0,240.0,259.0,235.0,350.0,361.0,361.0,373.0,369.0,240.0,349.0,337.0,337.0,327.0,326.0,369.0,337.0,359.0,347.0,360.0,228.0,228.0,352.0,359.0,330.0,,365.0,366.0,366.0,258.0,230.0,228.0,337.0
2026-07-16 12:00:00,361.0,,337.0,336.0,380.0,361.0,364.0,360.0,360.0,373.0,379.0,356.0,355.0,371.0,362.0,362.0,363.0,371.0,366.0,378.0,363.0,372.0,360.0,228.0,267.0,275.0,236.0,235.0,234.0,240.0,259.0,236.0,343.0,359.0,359.0,372.0,370.0,241.0,337.0,337.0,336.0,327.0,326.0,364.0,324.0,359.0,348.0,359.0,228.0,228.0,348.0,357.0,328.0,,365.0,365.0,366.0,260.0,230.0,232.0,334.0
2026-07-16 13:00:00,355.0,,335.0,333.0,378.0,362.0,358.0,357.0,360.0,372.0,378.0,365.0,355.0,369.0,362.0,362.0,364.0,373.0,371.0,367.0,366.0,370.0,363.0,228.0,270.0,274.0,236.0,235.0,234.0,240.0,259.0,235.0,339.0,359.0,355.0,370.0,371.0,241.0,349.0,337.0,336.0,327.0,325.0,362.0,319.0,359.0,349.0,357.0,228.0,228.0,344.0,353.0,328.0,,365.0,364.0,366.0,256.0,241.0,233.0,331.0
2026-07-16 14:00:00,350.0,,333.0,330.0,375.0,363.0,354.0,344.0,360.0,368.0,377.0,370.0,358.0,367.0,352.0,361.0,364.0,362.0,371.0,362.0,369.0,366.0,365.0,228.0,271.0,274.0,237.0,234.0,234.0,239.0,258.0,235.0,338.0,357.0,345.0,368.0,370.0,241.0,351.0,337.0,336.0,329.0,325.0,356.0,339.0,357.0,349.0,355.0,228.0,227.0,341.0,350.0,326.0,,361.0,359.0,366.0,252.0,242.0,234.0,329.0
2026-07-16 15:00:00,348.0,,332.0,328.0,372.0,363.0,349.0,336.0,359.0,365.0,375.0,373.0,354.0,364.0,347.0,359.0,364.0,354.0,369.0,367.0,371.0,362.0,371.0,228.0,272.0,273.0,237.0,234.0,234.0,239.0,258.0,235.0,337.0,355.0,338.0,363.0,368.0,241.0,346.0,340.0,338.0,335.0,326.0,354.0,327.0,356.0,351.0,353.0,227.0,226.0,338.0,344.0,339.0,,356.0,353.0,366.0,251.0,241.0,236.0,327.0
2026-07-16 16:00:00,347.0,,331.0,326.0,368.0,365.0,347.0,333.0,353.0,361.0,373.0,374.0,355.0,359.0,347.0,355.0,363.0,352.0,365.0,365.0,373.0,359.0,371.0,228.0,267.0,273.0,237.0,234.0,234.0,238.0,257.0,235.0,334.0,351.0,335.0,358.0,363.0,241.0,353.0,348.0,343.0,341.0,328.0,355.0,318.0,353.0,350.0,351.0,227.0,225.0,334.0,334.0,337.0,,354.0,349.0,365.0,248.0,242.0,235.0,327.0
2026-07-16 17:00:00,346.0,,329.0,324.0,364.0,364.0,346.0,331.0,340.0,359.0,369.0,375.0,346.0,354.0,343.0,352.0,362.0,353.0,358.0,370.0,374.0,356.0,371.0,228.0,262.0,272.0,236.0,234.0,234.0,237.0,257.0,235.0,333.0,348.0,332.0,355.0,358.0,241.0,355.0,355.0,352.0,349.0,336.0,359.0,340.0,350.0,348.0,347.0,226.0,225.0,331.0,334.0,334.0,,346.0,346.0,360.0,248.0,242.0,235.0,328.0
2026-07-16 18:00:00,349.0,,329.0,324.0,358.0,363.0,347.0,330.0,345.0,355.0,365.0,374.0,338.0,350.0,353.0,349.0,358.0,361.0,355.0,379.0,375.0,352.0,371.0,228.0,260.0,272.0,236.0,234.0,234.0,237.0,257.0,235.0,332.0,344.0,331.0,351.0,358.0,241.0,360.0,361.0,357.0,355.0,343.0,364.0,328.0,347.0,347.0,342.0,226.0,225.0,329.0,334.0,334.0,,339.0,344.0,356.0,248.0,241.0,235.0,331.0
2026-07-16 19:00:00,347.0,,332.0,325.0,353.0,362.0,352.0,330.0,329.0,348.0,362.0,373.0,334.0,347.0,355.0,344.0,354.0,363.0,355.0,378.0,375.0,345.0,370.0,229.0,260.0,271.0,236.0,235.0,234.0,237.0,258.0,235.0,332.0,341.0,334.0,348.0,356.0,241.0,367.0,366.0,363.0,359.0,349.0,370.0,316.0,344.0,346.0,337.0,225.0,224.0,327.0,334.0,339.0,,335.0,342.0,350.0,246.0,240.0,232.0,336.0
2026-07-16 20:00:00,347.0,,341.0,328.0,349.0,361.0,358.0,355.0,345.0,344.0,357.0,371.0,332.0,343.0,353.0,339.0,352.0,357.0,354.0,377.0,372.0,343.0,368.0,229.0,259.0,271.0,236.0,235.0,233.0,237.0,258.0,235.0,334.0,337.0,344.0,343.0,355.0,242.0,373.0,370.0,367.0,361.0,354.0,376.0,335.0,341.0,344.0,332.0,225.0,224.0,328.0,341.0,345.0,,332.0,339.0,346.0,244.0,239.0,233.0,343.0
2026-07-16 21:00:00,345.0,,349.0,335.0,345.0,358.0,365.0,347.0,333.0,344.0,355.0,369.0,327.0,340.0,351.0,337.0,344.0,370.0,355.0,360.0,370.0,342.0,363.0,229.0,258.0,270.0,236.0,235.0,232.0,237.0,258.0,235.0,340.0,335.0,344.0,339.0,354.0,241.0,380.0,371.0,370.0,361.0,359.0,381.0,319.0,338.0,340.0,328.0,225.0,224.0,327.0,344.0,345.0,,331.0,336.0,342.0,242.0,239.0,233.0,348.0
2026-07-16 22:00:00,344.0,,359.0,342.0,343.0,356.0,371.0,346.0,330.0,344.0,352.0,362.0,323.0,339.0,348.0,333.0,340.0,366.0,355.0,359.0,364.0,341.0,360.0,229.0,257.0,270.0,235.0,234.0,231.0,237.0,257.0,235.0,348.0,332.0,342.0,337.0,349.0,241.0,377.0,370.0,370.0,360.0,359.0,384.0,332.0,336.0,337.0,326.0,225.0,224.0,329.0,344.0,359.0,,331.0,335.0,338.0,241.0,239.0,232.0,354.0
2026-07-16 23:00:00,340.0,,362.0,349.0,340.0,353.0,374.0,346.0,331.0,346.0,348.0,359.0,,336.0,353.0,333.0,336.0,367.0,353.0,356.0,359.0,342.0,355.0,229.0,256.0,271.0,235.0,234.0,230.0,237.0,257.0,235.0,355.0,329.0,343.0,336.0,347.0,241.0,379.0,370.0,370.0,360.0,359.0,386.0,330.0,334.0,335.0,325.0,225.0,224.0,334.0,347.0,359.0,,331.0,334.0,336.0,241.0,238.0,232.0,358.0
2026-07-17 00:00:00,341.0,,364.0,354.0,337.0,349.0,376.0,348.0,344.0,346.0,343.0,357.0,314.0,337.0,354.0,333.0,333.0,367.0,339.0,378.0,356.0,343.0,354.0,229.0,254.0,271.0,235.0,234.0,230.0,238.0,257.0,235.0,361.0,328.0,344.0,336.0,347.0,241.0,370.0,369.0,369.0,358.0,359.0,386.0,327.0,334.0,334.0,325.0,225.0,224.0,337.0,353.0,363.0,,333.0,334.0,333.0,241.0,238.0,231.0,361.0
2026-07-17 01:00:00,339.0,,365.0,357.0,336.0,348.0,377.0,350.0,342.0,345.0,342.0,357.0,312.0,,356.0,334.0,331.0,367.0,336.0,381.0,353.0,346.0,351.0,228.0,254.0,271.0,235.0,233.0,230.0,238.0,257.0,235.0,364.0,328.0,346.0,337.0,347.0,240.0,375.0,368.0,365.0,358.0,356.0,386.0,324.0,335.0,332.0,327.0,225.0,224.0,340.0,358.0,361.0,,336.0,337.0,332.0,241.0,239.0,231.0,362.0
2026-07-17 02:00:00,341.0,,365.0,360.0,337.0,348.0,377.0,354.0,341.0,348.0,342.0,355.0,,339.0,357.0,336.0,331.0,367.0,337.0,381.0,351.0,347.0,349.0,228.0,253.0,272.0,235.0,233.0,229.0,238.0,257.0,235.0,365.0,328.0,349.0,338.0,346.0,240.0,371.0,364.0,365.0,354.0,353.0,386.0,322.0,336.0,332.0,330.0,225.0,224.0,346.0,358.0,361.0,,341.0,340.0,330.0,241.0,239.0,232.0,361.0
2026-07-17 03:00:00,342.0,,364.0,361.0,339.0,347.0,377.0,364.0,342.0,350.0,342.0,354.0,316.0,339.0,361.0,339.0,330.0,367.0,337.0,381.0,350.0,350.0,345.0,228.0,253.0,272.0,235.0,232.0,229.0,238.0,257.0,235.0,366.0,328.0,352.0,340.0,347.0,241.0,358.0,364.0,365.0,354.0,353.0,385.0,321.0,338.0,331.0,334.0,226.0,224.0,350.0,357.0,355.0,,348.0,344.0,331.0,242.0,239.0,229.0,360.0
2026-07-17 04:00:00,343.0,,363.0,361.0,342.0,346.0,377.0,365.0,353.0,350.0,342.0,353.0,331.0,342.0,362.0,342.0,330.0,369.0,337.0,381.0,349.0,355.0,342.0,228.0,252.0,272.0,235.0,232.0,229.0,238.0,257.0,235.0,366.0,329.0,354.0,342.0,347.0,240.0,367.0,364.0,364.0,352.0,353.0,385.0,320.0,341.0,331.0,338.0,226.0,224.0,351.0,359.0,357.0,,350.0,347.0,331.0,243.0,239.0,228.0,359.0
2026-07-17 05:00:00,347.0,,362.0,359.0,347.0,344.0,376.0,364.0,357.0,350.0,343.0,352.0,336.0,353.0,355.0,345.0,331.0,368.0,337.0,381.0,347.0,359.0,340.0,227.0,252.0,272.0,235.0,231.0,229.0,238.0,258.0,235.0,366.0,331.0,360.0,346.0,347.0,238.0,363.0,360.0,361.0,348.0,353.0,384.0,319.0,344.0,330.0,344.0,226.0,224.0,352.0,359.0,359.0,,352.0,351.0,332.0,243.0,239.0,228.0,357.0
2026-07-17 06:00:00,350.0,,361.0,356.0,351.0,343.0,376.0,363.0,356.0,353.0,345.0,348.0,318.0,358.0,348.0,348.0,333.0,367.0,337.0,367.0,346.0,361.0,338.0,227.0,252.0,273.0,235.0,231.0,229.0,238.0,258.0,234.0,365.0,334.0,362.0,355.0,346.0,238.0,358.0,357.0,358.0,343.0,350.0,380.0,318.0,347.0,331.0,348.0,226.0,224.0,351.0,358.0,355.0,,355.0,354.0,334.0,243.0,238.0,230.0,356.0
2026-07-17 07:00:00,355.0,,359.0,355.0,355.0,342.0,361.0,361.0,357.0,357.0,345.0,343.0,315.0,348.0,343.0,348.0,338.0,367.0,337.0,344.0,344.0,364.0,336.0,226.0,252.0,273.0,235.0,231.0,229.0,238.0,258.0,234.0,364.0,338.0,360.0,351.0,346.0,240.0,353.0,352.0,353.0,339.0,347.0,377.0,327.0,350.0,332.0,352.0,225.0,224.0,348.0,359.0,355.0,,357.0,356.0,341.0,246.0,236.0,236.0,355.0
2026-07-17 08:00:00,356.0,,359.0,353.0,361.0,342.0,372.0,361.0,356.0,363.0,343.0,337.0,331.0,354.0,348.0,352.0,347.0,358.0,337.0,346.0,339.0,368.0,335.0,226.0,254.0,273.0,235.0,231.0,229.0,238.0,258.0,234.0,363.0,344.0,359.0,358.0,359.0,240.0,352.0,347.0,347.0,334.0,341.0,374.0,336.0,353.0,335.0,355.0,225.0,224.0,348.0,359.0,350.0,,358.0,359.0,347.0,246.0,236.0,236.0,353.0
2026-07-17 09:00:00,357.0,,355.0,352.0,365.0,344.0,368.0,360.0,356.0,367.0,360.0,338.0,340.0,357.0,362.0,356.0,349.0,362.0,338.0,350.0,338.0,369.0,335.0,229.0,257.0,273.0,235.0,231.0,229.0,238.0,258.0,234.0,361.0,357.0,360.0,361.0,366.0,237.0,354.0,342.0,342.0,330.0,335.0,368.0,322.0,356.0,338.0,357.0,225.0,224.0,347.0,358.0,348.0,,359.0,361.0,352.0,250.0,236.0,233.0,350.0
2026-07-17 10:00:00,362.0,,347.0,350.0,370.0,347.0,362.0,360.0,357.0,367.0,364.0,339.0,344.0,360.0,359.0,357.0,354.0,366.0,357.0,354.0,342.0,369.0,336.0,237.0,258.0,273.0,235.0,231.0,229.0,238.0,258.0,234.0,357.0,357.0,358.0,363.0,366.0,237.0,355.0,338.0,337.0,326.0,329.0,364.0,316.0,355.0,341.0,356.0,226.0,224.0,348.0,358.0,345.0,,360.0,361.0,355.0,252.0,235.0,228.0,345.0
2026-07-17 11:00:00,361.0,,341.0,345.0,374.0,351.0,358.0,358.0,353.0,366.0,358.0,342.0,344.0,362.0,357.0,358.0,356.0,366.0,365.0,351.0,348.0,368.0,345.0,232.0,261.0,273.0,235.0,231.0,229.0,239.0,258.0,234.0,352.0,354.0,357.0,363.0,367.0,237.0,341.0,335.0,333.0,321.0,325.0,359.0,335.0,357.0,342.0,355.0,226.0,224.0,348.0,357.0,332.0,,359.0,359.0,359.0,253.0,235.0,228.0,340.0
2026-07-17 12:00:00,360.0,,337.0,340.0,375.0,354.0,353.0,357.0,354.0,365.0,359.0,347.0,346.0,363.0,355.0,358.0,358.0,368.0,366.0,372.0,354.0,368.0,350.0,230.0,265.0,273.0,235.0,231.0,230.0,238.0,258.0,235.0,346.0,350.0,356.0,363.0,367.0,238.0,331.0,331.0,331.0,321.0,320.0,354.0,316.0,355.0,344.0,353.0,225.0,224.0,346.0,352.0,330.0,,359.0,358.0,360.0,254.0,235.0,227.0,335.0
2026-07-17 13:00:00,358.0,,334.0,335.0,371.0,356.0,349.0,355.0,355.0,364.0,368.0,350.0,346.0,362.0,356.0,358.0,360.0,363.0,366.0,361.0,357.0,367.0,355.0,229.0,267.0,273.0,235.0,231.0,230.0,238.0,258.0,235.0,340.0,351.0,353.0,363.0,366.0,238.0,336.0,330.0,327.0,321.0,319.0,352.0,333.0,353.0,344.0,352.0,225.0,224.0,344.0,339.0,326.0,,358.0,357.0,361.0,255.0,236.0,229.0,331.0
2026-07-17 14:00:00,355.0,,332.0,331.0,369.0,357.0,345.0,344.0,353.0,363.0,367.0,353.0,348.0,361.0,358.0,354.0,360.0,363.0,367.0,357.0,360.0,364.0,359.0,228.0,268.0,274.0,235.0,231.0,230.0,238.0,257.0,234.0,338.0,351.0,345.0,362.0,365.0,238.0,343.0,331.0,326.0,321.0,318.0,347.0,325.0,351.0,345.0,348.0,225.0,224.0,341.0,337.0,321.0,,358.0,356.0,361.0,256.0,237.0,231.0,327.0
2026-07-17 15:00:00,352.0,,329.0,326.0,367.0,358.0,340.0,335.0,353.0,362.0,367.0,359.0,351.0,359.0,351.0,354.0,361.0,362.0,367.0,361.0,363.0,361.0,363.0,227.0,268.0,273.0,235.0,230.0,230.0,237.0,257.0,234.0,335.0,351.0,338.0,360.0,366.0,238.0,344.0,331.0,327.0,325.0,319.0,345.0,325.0,349.0,345.0,344.0,224.0,223.0,336.0,337.0,341.0,,358.0,355.0,361.0,257.0,237.0,234.0,324.0
2026-07-17 16:00:00,351.0,,327.0,323.0,366.0,358.0,338.0,331.0,352.0,361.0,367.0,362.0,350.0,356.0,345.0,352.0,360.0,353.0,368.0,366.0,366.0,358.0,365.0,227.0,269.0,274.0,235.0,230.0,230.0,237.0,257.0,234.0,332.0,349.0,334.0,357.0,366.0,238.0,345.0,335.0,331.0,330.0,320.0,346.0,328.0,346.0,345.0,339.0,224.0,223.0,333.0,335.0,339.0,,355.0,353.0,361.0,256.0,237.0,231.0,321.0
2026-07-17 17:00:00,350.0,,325.0,320.0,365.0,358.0,337.0,328.0,354.0,360.0,365.0,364.0,348.0,352.0,341.0,350.0,360.0,351.0,368.0,374.0,368.0,353.0,365.0,226.0,269.0,273.0,234.0,230.0,230.0,237.0,257.0,234.0,329.0,347.0,330.0,353.0,364.0,238.0,341.0,341.0,337.0,336.0,323.0,348.0,306.0,342.0,344.0,335.0,224.0,223.0,328.0,331.0,334.0,,353.0,351.0,359.0,256.0,239.0,229.0,321.0
2026-07-17 18:00:00,350.0,,324.0,318.0,361.0,357.0,339.0,325.0,340.0,357.0,361.0,364.0,333.0,349.0,340.0,347.0,359.0,350.0,362.0,375.0,369.0,349.0,365.0,226.0,269.0,273.0,234.0,230.0,230.0,236.0,257.0,234.0,327.0,345.0,328.0,348.0,364.0,238.0,339.0,348.0,344.0,343.0,329.0,353.0,330.0,339.0,342.0,331.0,223.0,222.0,325.0,329.0,326.0,,348.0,347.0,355.0,251.0,239.0,234.0,322.0
2026-07-17 19:00:00,350.0,,325.0,318.0,357.0,357.0,343.0,323.0,340.0,349.0,359.0,364.0,330.0,346.0,339.0,345.0,356.0,355.0,356.0,373.0,369.0,346.0,364.0,226.0,266.0,272.0,234.0,230.0,229.0,235.0,256.0,234.0,326.0,342.0,345.0,344.0,361.0,238.0,357.0,354.0,351.0,346.0,336.0,359.0,322.0,336.0,340.0,327.0,223.0,222.0,323.0,341.0,330.0,,342.0,344.0,353.0,248.0,238.0,229.0,326.0
2026-07-17 20:00:00,350.0,,330.0,320.0,352.0,355.0,348.0,343.0,322.0,342.0,354.0,363.0,329.0,344.0,348.0,340.0,354.0,350.0,351.0,372.0,367.0,341.0,363.0,225.0,260.0,272.0,234.0,230.0,229.0,235.0,256.0,234.0,326.0,338.0,341.0,341.0,359.0,238.0,363.0,355.0,354.0,349.0,341.0,364.0,311.0,333.0,337.0,324.0,222.0,222.0,322.0,346.0,332.0,,337.0,338.0,348.0,246.0,239.0,230.0,330.0
2026-07-17 21:00:00,347.0,,339.0,324.0,347.0,352.0,355.0,344.0,325.0,339.0,350.0,362.0,326.0,341.0,347.0,337.0,350.0,365.0,345.0,371.0,365.0,338.0,361.0,225.0,257.0,271.0,234.0,230.0,228.0,235.0,255.0,233.0,330.0,334.0,339.0,337.0,355.0,237.0,352.0,355.0,354.0,349.0,344.0,370.0,323.0,330.0,332.0,322.0,222.0,221.0,322.0,346.0,334.0,,334.0,335.0,344.0,244.0,237.0,228.0,335.0
2026-07-17 22:00:00,337.0,,344.0,330.0,343.0,349.0,361.0,340.0,330.0,339.0,348.0,362.0,324.0,337.0,346.0,334.0,347.0,365.0,343.0,370.0,363.0,336.0,360.0,225.0,256.0,271.0,233.0,230.0,228.0,234.0,255.0,233.0,337.0,329.0,338.0,334.0,350.0,237.0,368.0,353.0,354.0,345.0,343.0,375.0,305.0,329.0,329.0,320.0,222.0,221.0,321.0,342.0,343.0,,333.0,331.0,337.0,241.0,237.0,227.0,340.0
2026-07-17 23:00:00,331.0,,349.0,335.0,338.0,346.0,365.0,338.0,337.0,341.0,343.0,359.0,321.0,333.0,348.0,332.0,343.0,361.0,343.0,350.0,359.0,335.0,358.0,225.0,255.0,272.0,233.0,229.0,228.0,234.0,255.0,233.0,343.0,327.0,337.0,332.0,349.0,237.0,360.0,353.0,353.0,343.0,342.0,377.0,327.0,327.0,327.0,319.0,222.0,221.0,323.0,339.0,343.0,,330.0,329.0,333.0,241.0,237.0,227.0,345.0
2026-07-18 00:00:00,335.0,,350.0,341.0,334.0,341.0,368.0,339.0,339.0,347.0,342.0,356.0,317.0,330.0,352.0,329.0,340.0,354.0,344.0,357.0,357.0,336.0,355.0,225.0,253.0,272.0,233.0,229.0,228.0,238.0,255.0,233.0,348.0,324.0,336.0,331.0,347.0,237.0,360.0,352.0,351.0,342.0,341.0,378.0,326.0,327.0,324.0,318.0,222.0,221.0,323.0,341.0,341.0,,331.0,328.0,330.0,241.0,236.0,228.0,346.0
2026-07-18 01:00:00,339.0,,349.0,345.0,331.0,340.0,368.0,339.0,339.0,347.0,340.0,354.0,314.0,331.0,352.0,330.0,338.0,365.0,344.0,368.0,354.0,337.0,354.0,225.0,252.0,272.0,234.0,229.0,228.0,234.0,255.0,233.0,350.0,323.0,337.0,331.0,348.0,237.0,356.0,350.0,348.0,342.0,340.0,378.0,319.0,327.0,322.0,318.0,222.0,220.0,324.0,343.0,341.0,,332.0,329.0,329.0,240.0,237.0,229.0,345.0
2026-07-18 02:00:00,341.0,,348.0,346.0,330.0,337.0,369.0,347.0,338.0,345.0,338.0,351.0,325.0,331.0,354.0,330.0,336.0,370.0,344.0,371.0,350.0,340.0,350.0,225.0,253.0,272.0,233.0,229.0,227.0,235.0,255.0,233.0,350.0,322.0,339.0,332.0,347.0,237.0,355.0,348.0,348.0,341.0,337.0,378.0,309.0,328.0,321.0,321.0,222.0,221.0,328.0,343.0,341.0,,332.0,330.0,327.0,237.0,237.0,229.0,344.0
2026-07-18 03:00:00,341.0,,346.0,346.0,330.0,335.0,369.0,349.0,346.0,345.0,336.0,349.0,329.0,333.0,354.0,330.0,335.0,365.0,344.0,366.0,348.0,344.0,345.0,225.0,254.0,272.0,233.0,229.0,227.0,234.0,255.0,233.0,349.0,322.0,340.0,334.0,347.0,237.0,356.0,348.0,348.0,340.0,337.0,377.0,297.0,330.0,321.0,324.0,222.0,221.0,331.0,345.0,335.0,,332.0,333.0,326.0,237.0,236.0,227.0,342.0
2026-07-18 04:00:00,343.0,,345.0,344.0,332.0,334.0,369.0,349.0,334.0,344.0,336.0,347.0,329.0,335.0,359.0,331.0,333.0,364.0,336.0,371.0,347.0,349.0,343.0,224.0,253.0,272.0,233.0,229.0,227.0,234.0,255.0,233.0,349.0,323.0,343.0,335.0,346.0,236.0,356.0,348.0,348.0,338.0,337.0,377.0,314.0,333.0,321.0,329.0,222.0,221.0,333.0,346.0,339.0,,335.0,337.0,325.0,239.0,235.0,228.0,339.0
2026-07-18 05:00:00,345.0,,344.0,342.0,334.0,333.0,368.0,348.0,344.0,345.0,336.0,345.0,326.0,338.0,355.0,333.0,332.0,369.0,333.0,368.0,344.0,352.0,340.0,224.0,252.0,273.0,232.0,228.0,227.0,234.0,255.0,233.0,347.0,323.0,345.0,338.0,345.0,235.0,351.0,348.0,348.0,338.0,337.0,375.0,325.0,336.0,322.0,335.0,222.0,221.0,334.0,346.0,337.0,,336.0,340.0,326.0,241.0,234.0,228.0,334.0
2026-07-18 06:00:00,346.0,,343.0,339.0,338.0,332.0,368.0,345.0,339.0,345.0,336.0,343.0,,341.0,350.0,333.0,332.0,369.0,337.0,345.0,341.0,355.0,338.0,224.0,250.0,273.0,229.0,228.0,227.0,234.0,254.0,233.0,346.0,324.0,348.0,341.0,344.0,235.0,356.0,347.0,348.0,335.0,337.0,373.0,323.0,340.0,322.0,340.0,222.0,221.0,334.0,346.0,335.0,,339.0,343.0,326.0,240.0,234.0,227.0,334.0
2026-07-18 07:00:00,349.0,,342.0,338.0,341.0,332.0,362.0,344.0,339.0,346.0,337.0,340.0,,345.0,347.0,335.0,332.0,369.0,342.0,338.0,338.0,359.0,336.0,224.0,250.0,273.0,229.0,227.0,226.0,234.0,255.0,232.0,346.0,327.0,346.0,345.0,342.0,236.0,351.0,342.0,344.0,331.0,337.0,372.0,317.0,343.0,325.0,346.0,222.0,222.0,334.0,344.0,339.0,,340.0,344.0,327.0,239.0,232.0,226.0,335.0
2026-07-18 08:00:00,350.0,,342.0,337.0,347.0,333.0,364.0,342.0,340.0,346.0,340.0,333.0,325.0,346.0,355.0,337.0,336.0,369.0,345.0,339.0,333.0,361.0,334.0,223.0,251.0,273.0,230.0,227.0,226.0,234.0,255.0,232.0,345.0,330.0,345.0,349.0,340.0,237.0,346.0,339.0,339.0,327.0,332.0,371.0,319.0,346.0,330.0,350.0,222.0,222.0,335.0,343.0,332.0,,340.0,345.0,333.0,238.0,232.0,225.0,336.0
2026-07-18 09:00:00,350.0,,341.0,336.0,352.0,334.0,363.0,344.0,339.0,349.0,346.0,332.0,330.0,347.0,359.0,335.0,339.0,369.0,347.0,341.0,332.0,362.0,331.0,223.0,251.0,273.0,231.0,227.0,226.0,234.0,255.0,232.0,344.0,341.0,344.0,349.0,341.0,235.0,336.0,335.0,335.0,322.0,327.0,368.0,330.0,348.0,334.0,351.0,222.0,222.0,334.0,343.0,337.0,,339.0,345.0,338.0,243.0,232.0,223.0,337.0
2026-07-18 10:00:00,347.0,,335.0,336.0,357.0,342.0,361.0,345.0,339.0,352.0,353.0,333.0,330.0,349.0,358.0,335.0,341.0,363.0,347.0,346.0,333.0,362.0,329.0,223.0,251.0,273.0,231.0,227.0,226.0,234.0,255.0,232.0,343.0,340.0,344.0,349.0,346.0,235.0,330.0,331.0,330.0,320.0,322.0,364.0,315.0,348.0,337.0,349.0,222.0,221.0,334.0,342.0,334.0,,341.0,344.0,341.0,246.0,231.0,222.0,335.0
2026-07-18 11:00:00,345.0,,331.0,334.0,359.0,346.0,358.0,344.0,339.0,350.0,355.0,335.0,330.0,348.0,356.0,336.0,344.0,359.0,347.0,352.0,338.0,362.0,330.0,223.0,254.0,273.0,231.0,227.0,227.0,234.0,256.0,231.0,340.0,338.0,344.0,348.0,347.0,235.0,341.0,327.0,326.0,316.0,317.0,362.0,318.0,349.0,338.0,348.0,221.0,220.0,334.0,341.0,326.0,,342.0,343.0,343.0,247.0,232.0,223.0,330.0
2026-07-18 12:00:00,347.0,,328.0,330.0,357.0,350.0,353.0,343.0,339.0,350.0,354.0,338.0,330.0,348.0,348.0,337.0,344.0,346.0,348.0,352.0,343.0,362.0,335.0,223.0,258.0,274.0,231.0,227.0,227.0,234.0,256.0,232.0,337.0,337.0,344.0,348.0,348.0,235.0,339.0,325.0,323.0,315.0,315.0,359.0,322.0,348.0,338.0,346.0,221.0,220.0,331.0,339.0,319.0,,342.0,341.0,342.0,248.0,232.0,224.0,326.0
2026-07-18 13:00:00,345.0,,325.0,325.0,353.0,350.0,349.0,341.0,338.0,348.0,354.0,343.0,329.0,347.0,334.0,337.0,344.0,343.0,350.0,349.0,347.0,361.0,336.0,223.0,261.0,274.0,232.0,227.0,227.0,234.0,256.0,232.0,332.0,337.0,344.0,347.0,347.0,235.0,337.0,320.0,321.0,315.0,310.0,352.0,302.0,346.0,338.0,345.0,220.0,220.0,329.0,341.0,317.0,,340.0,341.0,343.0,248.0,232.0,225.0,322.0
2026-07-18 14:00:00,342.0,,323.0,321.0,351.0,351.0,346.0,339.0,338.0,349.0,353.0,347.0,328.0,347.0,336.0,338.0,345.0,351.0,351.0,363.0,349.0,359.0,343.0,223.0,262.0,274.0,232.0,227.0,227.0,234.0,255.0,232.0,329.0,337.0,344.0,347.0,347.0,235.0,339.0,321.0,321.0,316.0,309.0,345.0,328.0,344.0,339.0,343.0,220.0,219.0,329.0,340.0,314.0,,340.0,340.0,342.0,249.0,234.0,226.0,319.0
2026-07-18 15:00:00,341.0,,321.0,317.0,351.0,351.0,338.0,334.0,337.0,348.0,353.0,350.0,330.0,345.0,341.0,338.0,345.0,353.0,351.0,361.0,350.0,357.0,347.0,223.0,263.0,274.0,231.0,227.0,227.0,234.0,255.0,232.0,326.0,337.0,343.0,346.0,347.0,235.0,337.0,327.0,323.0,321.0,310.0,341.0,311.0,342.0,339.0,340.0,219.0,219.0,328.0,335.0,330.0,,339.0,339.0,343.0,250.0,234.0,228.0,316.0
2026-07-18 16:00:00,342.0,,319.0,314.0,351.0,353.0,335.0,323.0,337.0,348.0,353.0,351.0,331.0,343.0,361.0,338.0,344.0,359.0,351.0,360.0,352.0,353.0,348.0,223.0,254.0,274.0,232.0,227.0,227.0,233.0,255.0,232.0,324.0,337.0,339.0,344.0,347.0,235.0,346.0,333.0,329.0,328.0,316.0,340.0,310.0,339.0,339.0,336.0,219.0,219.0,326.0,329.0,325.0,,339.0,338.0,342.0,249.0,234.0,233.0,314.0
2026-07-18 17:00:00,343.0,,317.0,312.0,350.0,353.0,334.0,320.0,334.0,347.0,352.0,351.0,329.0,341.0,345.0,336.0,344.0,359.0,350.0,358.0,352.0,347.0,348.0,225.0,255.0,274.0,232.0,227.0,226.0,233.0,254.0,232.0,322.0,335.0,334.0,341.0,345.0,235.0,344.0,339.0,335.0,333.0,323.0,341.0,316.0,336.0,337.0,332.0,218.0,219.0,323.0,324.0,321.0,,337.0,335.0,342.0,247.0,236.0,230.0,314.0
2026-07-18 18:00:00,343.0,,316.0,310.0,346.0,352.0,333.0,317.0,326.0,346.0,348.0,350.0,321.0,338.0,340.0,335.0,344.0,354.0,346.0,357.0,351.0,344.0,347.0,226.0,255.0,273.0,231.0,227.0,226.0,233.0,254.0,231.0,320.0,335.0,328.0,338.0,343.0,235.0,358.0,345.0,341.0,338.0,328.0,344.0,298.0,334.0,336.0,327.0,218.0,219.0,318.0,320.0,321.0,,335.0,331.0,342.0,245.0,237.0,229.0,317.0
2026-07-18 19:00:00,342.0,,319.0,313.0,342.0,350.0,336.0,316.0,326.0,339.0,345.0,349.0,318.0,336.0,339.0,332.0,343.0,358.0,341.0,357.0,350.0,339.0,346.0,226.0,253.0,271.0,233.0,226.0,225.0,232.0,254.0,231.0,319.0,332.0,332.0,335.0,342.0,235.0,357.0,348.0,345.0,340.0,333.0,349.0,321.0,331.0,334.0,324.0,218.0,218.0,315.0,327.0,323.0,,331.0,328.0,338.0,242.0,235.0,227.0,321.0
2026-07-18 20:00:00,342.0,,327.0,317.0,337.0,349.0,341.0,332.0,320.0,330.0,344.0,348.0,317.0,335.0,339.0,329.0,341.0,360.0,340.0,357.0,348.0,335.0,346.0,226.0,248.0,271.0,238.0,226.0,225.0,232.0,254.0,231.0,321.0,329.0,331.0,332.0,342.0,235.0,355.0,348.0,345.0,339.0,337.0,354.0,318.0,329.0,333.0,321.0,217.0,218.0,313.0,333.0,328.0,,329.0,325.0,335.0,245.0,235.0,226.0,326.0
2026-07-18 21:00:00,338.0,,334.0,323.0,332.0,347.0,346.0,330.0,327.0,330.0,339.0,347.0,314.0,332.0,339.0,326.0,338.0,358.0,340.0,358.0,348.0,335.0,345.0,226.0,245.0,269.0,243.0,226.0,225.0,231.0,254.0,230.0,326.0,325.0,330.0,328.0,340.0,234.0,355.0,348.0,345.0,338.0,337.0,359.0,303.0,327.0,330.0,318.0,217.0,217.0,313.0,332.0,326.0,,325.0,321.0,331.0,247.0,234.0,223.0,330.0
2026-07-18 22:00:00,325.0,,337.0,329.0,329.0,345.0,350.0,329.0,317.0,340.0,336.0,346.0,311.0,328.0,339.0,323.0,335.0,357.0,340.0,355.0,347.0,335.0,345.0,226.0,244.0,269.0,246.0,225.0,225.0,231.0,253.0,230.0,332.0,320.0,329.0,325.0,338.0,234.0,353.0,345.0,343.0,337.0,336.0,362.0,317.0,325.0,326.0,316.0,216.0,217.0,314.0,331.0,328.0,,324.0,319.0,327.0,247.0,234.0,224.0,334.0
2026-07-18 23:00:00,325.0,,341.0,333.0,326.0,343.0,352.0,329.0,317.0,338.0,333.0,345.0,308.0,324.0,339.0,321.0,333.0,356.0,340.0,352.0,345.0,335.0,344.0,225.0,245.0,269.0,247.0,225.0,225.0,231.0,253.0,230.0,337.0,316.0,332.0,324.0,335.0,233.0,349.0,342.0,342.0,332.0,331.0,363.0,313.0,323.0,324.0,314.0,216.0,217.0,314.0,329.0,330.0,,323.0,319.0,324.0,246.0,232.0,225.0,337.0
2026-07-19 00:00:00,330.0,,340.0,335.0,323.0,340.0,355.0,331.0,316.0,337.0,332.0,343.0,311.0,324.0,340.0,320.0,331.0,356.0,337.0,342.0,343.0,334.0,342.0,225.0,246.0,270.0,247.0,225.0,224.0,233.0,253.0,230.0,341.0,315.0,332.0,324.0,334.0,233.0,351.0,341.0,341.0,332.0,330.0,363.0,307.0,322.0,322.0,313.0,216.0,216.0,314.0,329.0,328.0,,323.0,320.0,320.0,246.0,232.0,224.0,336.0
2026-07-19 01:00:00,331.0,,339.0,336.0,322.0,338.0,355.0,333.0,328.0,335.0,331.0,342.0,314.0,325.0,340.0,320.0,329.0,356.0,324.0,343.0,341.0,334.0,340.0,225.0,247.0,270.0,247.0,225.0,224.0,232.0,252.0,230.0,341.0,314.0,333.0,326.0,334.0,233.0,349.0,337.0,337.0,332.0,329.0,363.0,304.0,321.0,320.0,313.0,215.0,216.0,321.0,331.0,325.0,,323.0,324.0,319.0,246.0,232.0,226.0,334.0
2026-07-19 02:00:00,333.0,,338.0,335.0,324.0,336.0,355.0,335.0,326.0,335.0,331.0,340.0,325.0,328.0,340.0,321.0,328.0,356.0,324.0,348.0,339.0,336.0,336.0,224.0,248.0,270.0,247.0,225.0,224.0,231.0,252.0,230.0,340.0,314.0,334.0,328.0,334.0,234.0,341.0,337.0,337.0,332.0,326.0,362.0,302.0,322.0,319.0,314.0,215.0,216.0,326.0,332.0,325.0,,324.0,325.0,317.0,246.0,232.0,225.0,333.0
2026-07-19 03:00:00,334.0,,336.0,333.0,328.0,335.0,355.0,339.0,325.0,334.0,331.0,340.0,326.0,330.0,339.0,323.0,327.0,355.0,326.0,339.0,337.0,338.0,333.0,224.0,248.0,270.0,247.0,225.0,224.0,232.0,252.0,230.0,340.0,315.0,336.0,330.0,334.0,234.0,349.0,337.0,337.0,331.0,326.0,361.0,301.0,323.0,318.0,316.0,216.0,216.0,326.0,334.0,325.0,,324.0,326.0,317.0,247.0,230.0,223.0,331.0
2026-07-19 04:00:00,333.0,,335.0,331.0,332.0,333.0,355.0,337.0,320.0,334.0,331.0,338.0,328.0,333.0,339.0,323.0,326.0,354.0,328.0,339.0,335.0,339.0,331.0,224.0,248.0,270.0,247.0,224.0,224.0,232.0,252.0,230.0,338.0,316.0,338.0,333.0,333.0,232.0,348.0,337.0,337.0,331.0,326.0,360.0,299.0,324.0,318.0,320.0,216.0,216.0,327.0,335.0,321.0,,325.0,331.0,318.0,248.0,229.0,226.0,329.0
2026-07-19 05:00:00,337.0,,334.0,329.0,336.0,330.0,355.0,336.0,332.0,334.0,332.0,336.0,324.0,336.0,340.0,325.0,325.0,355.0,327.0,342.0,333.0,341.0,329.0,224.0,248.0,270.0,247.0,224.0,223.0,231.0,252.0,230.0,337.0,317.0,337.0,336.0,333.0,232.0,348.0,337.0,337.0,327.0,326.0,359.0,297.0,327.0,318.0,324.0,216.0,216.0,328.0,335.0,324.0,,325.0,334.0,319.0,249.0,228.0,226.0,328.0
2026-07-19 06:00:00,337.0,,333.0,328.0,339.0,329.0,354.0,334.0,327.0,335.0,334.0,333.0,,336.0,338.0,325.0,325.0,354.0,327.0,334.0,331.0,342.0,328.0,223.0,248.0,270.0,246.0,224.0,223.0,230.0,252.0,229.0,336.0,320.0,336.0,339.0,332.0,232.0,345.0,336.0,336.0,324.0,326.0,356.0,295.0,329.0,318.0,328.0,216.0,217.0,329.0,335.0,326.0,,326.0,335.0,320.0,250.0,228.0,224.0,328.0
2026-07-19 07:00:00,340.0,,331.0,327.0,341.0,328.0,341.0,332.0,327.0,336.0,336.0,329.0,,337.0,335.0,327.0,325.0,353.0,327.0,330.0,329.0,344.0,326.0,223.0,249.0,271.0,246.0,222.0,222.0,230.0,252.0,229.0,335.0,323.0,334.0,340.0,328.0,233.0,340.0,331.0,332.0,321.0,326.0,354.0,307.0,332.0,320.0,332.0,217.0,217.0,327.0,336.0,326.0,,330.0,335.0,325.0,249.0,228.0,222.0,327.0
2026-07-19 08:00:00,340.0,,331.0,325.0,345.0,328.0,347.0,331.0,328.0,339.0,339.0,325.0,320.0,340.0,337.0,328.0,327.0,350.0,327.0,332.0,326.0,344.0,325.0,223.0,251.0,271.0,246.0,222.0,222.0,231.0,252.0,229.0,334.0,326.0,333.0,341.0,328.0,233.0,342.0,329.0,329.0,317.0,322.0,352.0,311.0,335.0,321.0,336.0,217.0,217.0,327.0,335.0,325.0,,331.0,335.0,329.0,247.0,228.0,220.0,327.0
2026-07-19 09:00:00,341.0,,330.0,326.0,347.0,329.0,347.0,334.0,327.0,341.0,343.0,326.0,323.0,340.0,339.0,329.0,332.0,351.0,328.0,337.0,324.0,344.0,326.0,222.0,250.0,271.0,245.0,222.0,222.0,231.0,251.0,229.0,333.0,330.0,335.0,340.0,337.0,231.0,338.0,326.0,326.0,315.0,317.0,349.0,301.0,337.0,322.0,337.0,217.0,217.0,327.0,335.0,325.0,,331.0,334.0,333.0,246.0,227.0,219.0,326.0
2026-07-19 10:00:00,337.0,,324.0,325.0,349.0,331.0,343.0,335.0,328.0,341.0,346.0,330.0,326.0,,339.0,328.0,333.0,351.0,328.0,341.0,325.0,344.0,329.0,222.0,250.0,271.0,245.0,222.0,222.0,231.0,251.0,229.0,332.0,330.0,334.0,340.0,339.0,231.0,334.0,323.0,322.0,311.0,314.0,347.0,317.0,337.0,322.0,336.0,217.0,217.0,326.0,334.0,321.0,,330.0,334.0,334.0,243.0,227.0,218.0,323.0
2026-07-19 11:00:00,336.0,,321.0,323.0,348.0,,340.0,335.0,327.0,339.0,346.0,334.0,326.0,,338.0,328.0,334.0,350.0,333.0,348.0,331.0,345.0,331.0,221.0,249.0,272.0,245.0,222.0,222.0,231.0,251.0,229.0,329.0,327.0,334.0,338.0,339.0,231.0,331.0,320.0,320.0,310.0,309.0,346.0,305.0,336.0,325.0,334.0,217.0,217.0,323.0,331.0,317.0,,330.0,333.0,334.0,242.0,227.0,218.0,320.0
2026-07-19 12:00:00,335.0,,319.0,319.0,343.0,348.0,338.0,334.0,328.0,340.0,346.0,336.0,326.0,,334.0,328.0,334.0,354.0,340.0,350.0,335.0,345.0,332.0,221.0,249.0,272.0,245.0,222.0,222.0,231.0,251.0,228.0,326.0,328.0,334.0,337.0,339.0,231.0,330.0,319.0,315.0,309.0,308.0,344.0,310.0,335.0,327.0,332.0,217.0,217.0,320.0,330.0,312.0,,330.0,332.0,333.0,242.0,227.0,217.0,317.0
2026-07-19 13:00:00,333.0,,317.0,316.0,341.0,356.0,335.0,332.0,328.0,339.0,343.0,339.0,323.0,,328.0,328.0,334.0,351.0,341.0,345.0,340.0,344.0,332.0,221.0,248.0,272.0,246.0,222.0,226.0,230.0,250.0,228.0,322.0,327.0,333.0,337.0,338.0,231.0,323.0,315.0,315.0,309.0,304.0,339.0,314.0,333.0,330.0,329.0,216.0,216.0,318.0,329.0,308.0,,329.0,330.0,331.0,242.0,228.0,220.0,314.0
2026-07-19 14:00:00,329.0,,315.0,313.0,339.0,361.0,256.0,329.0,329.0,338.0,342.0,340.0,325.0,,330.0,328.0,334.0,340.0,343.0,354.0,342.0,342.0,331.0,221.0,248.0,272.0,246.0,223.0,227.0,230.0,250.0,227.0,319.0,327.0,333.0,336.0,338.0,231.0,327.0,315.0,315.0,309.0,304.0,336.0,290.0,331.0,329.0,326.0,215.0,216.0,318.0,330.0,310.0,,329.0,328.0,331.0,238.0,228.0,221.0,312.0
2026-07-19 15:00:00,328.0,,313.0,311.0,340.0,363.0,321.0,328.0,329.0,338.0,342.0,341.0,327.0,335.0,331.0,328.0,334.0,339.0,344.0,351.0,343.0,342.0,331.0,220.0,248.0,271.0,245.0,223.0,227.0,230.0,250.0,228.0,318.0,327.0,332.0,335.0,338.0,231.0,326.0,315.0,315.0,310.0,304.0,333.0,317.0,329.0,328.0,324.0,214.0,215.0,317.0,324.0,323.0,,330.0,328.0,331.0,235.0,230.0,222.0,310.0
2026-07-19 16:00:00,328.0,,312.0,308.0,339.0,363.0,320.0,319.0,327.0,337.0,342.0,341.0,327.0,335.0,332.0,327.0,334.0,339.0,344.0,349.0,343.0,340.0,332.0,220.0,248.0,272.0,246.0,223.0,227.0,229.0,250.0,228.0,316.0,326.0,330.0,333.0,337.0,231.0,334.0,319.0,316.0,313.0,304.0,332.0,299.0,327.0,327.0,321.0,213.0,214.0,317.0,320.0,316.0,,329.0,328.0,331.0,233.0,230.0,224.0,307.0
2026-07-19 17:00:00,329.0,,310.0,306.0,338.0,362.0,319.0,313.0,326.0,336.0,341.0,341.0,323.0,334.0,332.0,327.0,334.0,335.0,345.0,347.0,342.0,337.0,332.0,221.0,243.0,272.0,246.0,223.0,227.0,228.0,250.0,228.0,314.0,325.0,324.0,331.0,337.0,231.0,331.0,324.0,320.0,318.0,308.0,333.0,315.0,325.0,326.0,319.0,212.0,213.0,314.0,316.0,312.0,,326.0,326.0,331.0,233.0,231.0,224.0,306.0
2026-07-19 18:00:00,330.0,,309.0,294.0,334.0,361.0,318.0,310.0,322.0,334.0,339.0,339.0,316.0,332.0,331.0,326.0,333.0,341.0,344.0,346.0,340.0,334.0,333.0,221.0,241.0,272.0,246.0,223.0,227.0,228.0,250.0,227.0,313.0,324.0,314.0,328.0,336.0,231.0,,329.0,326.0,324.0,314.0,336.0,313.0,324.0,325.0,317.0,211.0,211.0,309.0,313.0,312.0,,325.0,325.0,330.0,234.0,231.0,223.0,307.0
2026-07-19 19:00:00,329.0,,310.0,293.0,331.0,360.0,320.0,313.0,322.0,332.0,335.0,338.0,311.0,329.0,332.0,324.0,332.0,342.0,342.0,345.0,339.0,328.0,334.0,221.0,239.0,272.0,245.0,222.0,226.0,227.0,250.0,227.0,312.0,322.0,325.0,325.0,335.0,231.0,345.0,335.0,332.0,328.0,320.0,340.0,301.0,323.0,324.0,315.0,210.0,210.0,308.0,321.0,307.0,,322.0,322.0,327.0,233.0,230.0,222.0,308.0
2026-07-19 20:00:00,329.0,,313.0,297.0,327.0,358.0,325.0,325.0,318.0,323.0,331.0,338.0,308.0,326.0,332.0,321.0,329.0,342.0,339.0,345.0,337.0,326.0,336.0,221.0,237.0,271.0,245.0,222.0,225.0,227.0,250.0,227.0,312.0,319.0,323.0,323.0,331.0,231.0,350.0,338.0,334.0,329.0,325.0,345.0,292.0,322.0,323.0,313.0,208.0,209.0,307.0,322.0,312.0,,319.0,318.0,324.0,230.0,228.0,222.0,312.0
2026-07-19 21:00:00,326.0,,319.0,300.0,324.0,356.0,330.0,319.0,312.0,323.0,328.0,337.0,305.0,324.0,332.0,320.0,327.0,343.0,324.0,343.0,337.0,324.0,336.0,221.0,235.0,271.0,244.0,221.0,224.0,226.0,249.0,226.0,313.0,317.0,323.0,320.0,328.0,231.0,350.0,337.0,334.0,328.0,326.0,349.0,316.0,319.0,322.0,311.0,207.0,208.0,305.0,321.0,316.0,,317.0,314.0,319.0,230.0,227.0,221.0,316.0
2026-07-19 22:00:00,319.0,,324.0,306.0,322.0,355.0,334.0,317.0,309.0,324.0,325.0,337.0,302.0,321.0,332.0,317.0,325.0,343.0,321.0,341.0,336.0,323.0,336.0,221.0,234.0,271.0,244.0,221.0,223.0,226.0,249.0,226.0,318.0,314.0,320.0,318.0,326.0,230.0,349.0,336.0,336.0,327.0,326.0,352.0,306.0,318.0,320.0,310.0,206.0,207.0,306.0,320.0,323.0,,315.0,312.0,317.0,229.0,226.0,220.0,322.0
2026-07-19 23:00:00,316.0,,329.0,310.0,319.0,353.0,336.0,317.0,311.0,328.0,323.0,336.0,301.0,318.0,331.0,315.0,322.0,342.0,322.0,343.0,333.0,323.0,335.0,221.0,233.0,270.0,243.0,220.0,222.0,226.0,249.0,226.0,323.0,311.0,318.0,316.0,325.0,229.0,344.0,331.0,333.0,323.0,323.0,354.0,290.0,317.0,318.0,309.0,205.0,206.0,306.0,319.0,323.0,,314.0,311.0,316.0,229.0,225.0,218.0,325.0
2026-07-20 00:00:00,314.0,,330.0,313.0,317.0,352.0,338.0,318.0,317.0,329.0,322.0,334.0,299.0,317.0,331.0,314.0,321.0,338.0,322.0,343.0,331.0,325.0,335.0,220.0,233.0,270.0,243.0,219.0,221.0,229.0,249.0,225.0,327.0,310.0,318.0,315.0,324.0,229.0,339.0,326.0,329.0,321.0,320.0,354.0,313.0,316.0,316.0,307.0,205.0,205.0,306.0,317.0,321.0,,314.0,312.0,315.0,228.0,223.0,220.0,326.0
2026-07-20 01:00:00,315.0,,329.0,314.0,315.0,350.0,338.0,320.0,315.0,328.0,321.0,334.0,304.0,316.0,330.0,312.0,320.0,331.0,,335.0,329.0,327.0,335.0,220.0,232.0,270.0,243.0,219.0,221.0,227.0,249.0,225.0,330.0,308.0,319.0,315.0,323.0,229.0,334.0,322.0,326.0,320.0,316.0,353.0,312.0,315.0,316.0,307.0,205.0,205.0,306.0,317.0,319.0,,314.0,312.0,315.0,228.0,222.0,219.0,325.0
2026-07-20 02:00:00,317.0,,328.0,315.0,316.0,349.0,338.0,323.0,314.0,326.0,320.0,333.0,310.0,315.0,329.0,311.0,319.0,335.0,322.0,330.0,327.0,328.0,334.0,219.0,232.0,270.0,242.0,218.0,220.0,227.0,248.0,225.0,329.0,307.0,320.0,316.0,323.0,229.0,332.0,320.0,324.0,317.0,315.0,352.0,306.0,316.0,315.0,308.0,205.0,206.0,309.0,320.0,314.0,,314.0,313.0,312.0,227.0,220.0,219.0,323.0
2026-07-20 03:00:00,317.0,,327.0,313.0,316.0,348.0,339.0,329.0,313.0,324.0,319.0,332.0,311.0,315.0,328.0,312.0,318.0,348.0,321.0,339.0,326.0,331.0,334.0,219.0,232.0,270.0,242.0,218.0,220.0,227.0,248.0,225.0,330.0,307.0,322.0,316.0,322.0,229.0,329.0,320.0,321.0,316.0,314.0,350.0,302.0,317.0,315.0,310.0,206.0,206.0,314.0,323.0,314.0,,314.0,313.0,312.0,228.0,219.0,216.0,321.0
2026-07-20 04:00:00,318.0,,326.0,311.0,318.0,347.0,338.0,328.0,315.0,323.0,319.0,331.0,315.0,315.0,328.0,313.0,317.0,352.0,321.0,337.0,324.0,335.0,334.0,218.0,231.0,270.0,242.0,217.0,219.0,226.0,248.0,225.0,329.0,307.0,326.0,318.0,321.0,227.0,325.0,320.0,321.0,316.0,310.0,349.0,299.0,318.0,314.0,314.0,206.0,207.0,318.0,325.0,312.0,,315.0,313.0,312.0,230.0,218.0,217.0,318.0
2026-07-20 05:00:00,320.0,,324.0,310.0,321.0,346.0,338.0,325.0,321.0,324.0,319.0,329.0,312.0,316.0,330.0,313.0,316.0,343.0,320.0,338.0,324.0,336.0,334.0,218.0,230.0,269.0,241.0,216.0,218.0,226.0,248.0,225.0,328.0,307.0,326.0,321.0,320.0,226.0,321.0,320.0,321.0,316.0,309.0,349.0,295.0,320.0,313.0,317.0,207.0,207.0,320.0,325.0,308.0,,317.0,315.0,312.0,230.0,218.0,216.0,315.0
2026-07-20 06:00:00,322.0,,321.0,307.0,323.0,344.0,337.0,322.0,318.0,325.0,320.0,326.0,,318.0,331.0,315.0,314.0,342.0,321.0,325.0,322.0,337.0,333.0,217.0,231.0,269.0,241.0,214.0,217.0,226.0,247.0,224.0,326.0,308.0,321.0,325.0,319.0,226.0,315.0,319.0,320.0,311.0,309.0,348.0,292.0,323.0,313.0,321.0,208.0,208.0,319.0,323.0,310.0,,319.0,319.0,310.0,232.0,218.0,215.0,313.0
2026-07-20 07:00:00,327.0,,317.0,303.0,325.0,343.0,313.0,319.0,322.0,328.0,321.0,323.0,,321.0,329.0,316.0,315.0,340.0,320.0,323.0,321.0,337.0,328.0,216.0,234.0,269.0,241.0,211.0,215.0,227.0,247.0,224.0,324.0,309.0,320.0,327.0,318.0,229.0,325.0,319.0,319.0,310.0,309.0,348.0,294.0,326.0,314.0,325.0,208.0,208.0,315.0,323.0,308.0,,319.0,324.0,309.0,231.0,217.0,213.0,311.0
2026-07-20 08:00:00,327.0,,314.0,301.0,329.0,342.0,333.0,322.0,315.0,333.0,322.0,319.0,310.0,327.0,331.0,318.0,317.0,339.0,323.0,324.0,318.0,337.0,318.0,215.0,234.0,268.0,241.0,211.0,215.0,227.0,247.0,224.0,322.0,312.0,321.0,329.0,320.0,225.0,324.0,316.0,316.0,309.0,309.0,347.0,307.0,328.0,315.0,327.0,209.0,209.0,315.0,323.0,307.0,,318.0,325.0,315.0,230.0,217.0,212.0,311.0
2026-07-20 09:00:00,328.0,,313.0,299.0,334.0,344.0,332.0,322.0,317.0,333.0,328.0,317.0,313.0,328.0,330.0,318.0,320.0,340.0,326.0,326.0,316.0,336.0,315.0,214.0,235.0,268.0,241.0,212.0,214.0,227.0,247.0,224.0,318.0,320.0,318.0,328.0,327.0,222.0,312.0,315.0,315.0,307.0,306.0,346.0,312.0,330.0,317.0,328.0,209.0,209.0,314.0,322.0,308.0,,319.0,324.0,318.0,230.0,216.0,211.0,310.0
2026-07-20 10:00:00,326.0,,312.0,299.0,337.0,345.0,331.0,321.0,316.0,330.0,332.0,316.0,311.0,327.0,326.0,317.0,322.0,343.0,329.0,329.0,317.0,334.0,315.0,213.0,237.0,267.0,240.0,212.0,215.0,227.0,247.0,224.0,316.0,318.0,317.0,327.0,328.0,221.0,308.0,314.0,314.0,305.0,304.0,343.0,317.0,330.0,319.0,326.0,209.0,210.0,311.0,319.0,310.0,,318.0,323.0,322.0,230.0,217.0,208.0,309.0
2026-07-20 11:00:00,322.0,,310.0,298.0,337.0,347.0,329.0,319.0,316.0,328.0,332.0,316.0,311.0,326.0,321.0,317.0,323.0,333.0,330.0,328.0,319.0,334.0,316.0,212.0,238.0,267.0,240.0,212.0,216.0,227.0,247.0,224.0,314.0,315.0,317.0,326.0,327.0,219.0,306.0,312.0,311.0,303.0,303.0,342.0,298.0,329.0,320.0,324.0,209.0,209.0,310.0,317.0,307.0,,318.0,322.0,323.0,230.0,217.0,210.0,308.0
2026-07-20 12:00:00,320.0,,310.0,297.0,333.0,350.0,328.0,318.0,316.0,328.0,331.0,319.0,311.0,324.0,318.0,316.0,323.0,334.0,331.0,349.0,321.0,334.0,319.0,211.0,238.0,268.0,240.0,213.0,217.0,226.0,247.0,223.0,313.0,317.0,316.0,324.0,326.0,220.0,301.0,309.0,310.0,303.0,299.0,340.0,311.0,328.0,321.0,322.0,209.0,209.0,307.0,316.0,305.0,,317.0,320.0,322.0,230.0,219.0,209.0,307.0
2026-07-20 13:00:00,319.0,,308.0,296.0,328.0,351.0,325.0,316.0,316.0,326.0,330.0,324.0,312.0,322.0,316.0,316.0,323.0,337.0,332.0,346.0,324.0,334.0,320.0,211.0,238.0,267.0,241.0,213.0,218.0,226.0,247.0,223.0,312.0,313.0,316.0,322.0,326.0,221.0,298.0,309.0,308.0,303.0,298.0,336.0,308.0,326.0,321.0,320.0,208.0,209.0,306.0,316.0,305.0,,317.0,317.0,322.0,232.0,219.0,208.0,305.0
2026-07-20 14:00:00,318.0,,307.0,295.0,325.0,352.0,322.0,311.0,315.0,324.0,330.0,328.0,313.0,321.0,318.0,315.0,323.0,338.0,334.0,343.0,322.0,332.0,326.0,210.0,238.0,267.0,239.0,214.0,219.0,226.0,246.0,223.0,311.0,312.0,315.0,321.0,327.0,220.0,294.0,309.0,308.0,303.0,298.0,332.0,296.0,325.0,320.0,319.0,208.0,208.0,305.0,315.0,301.0,,317.0,316.0,321.0,233.0,220.0,208.0,304.0
2026-07-20 15:00:00,317.0,,307.0,293.0,323.0,352.0,317.0,309.0,315.0,323.0,328.0,330.0,314.0,319.0,323.0,315.0,322.0,336.0,334.0,338.0,296.0,329.0,327.0,210.0,238.0,267.0,237.0,215.0,219.0,225.0,246.0,222.0,310.0,312.0,311.0,320.0,325.0,220.0,301.0,309.0,309.0,305.0,298.0,327.0,308.0,324.0,320.0,319.0,207.0,207.0,303.0,311.0,308.0,,316.0,314.0,318.0,234.0,222.0,209.0,302.0
2026-07-20 16:00:00,317.0,,306.0,292.0,322.0,352.0,314.0,307.0,317.0,322.0,327.0,330.0,313.0,318.0,329.0,314.0,322.0,324.0,325.0,341.0,299.0,328.0,310.0,211.0,239.0,267.0,236.0,215.0,219.0,225.0,246.0,222.0,309.0,311.0,309.0,319.0,322.0,220.0,319.0,311.0,310.0,306.0,298.0,325.0,288.0,323.0,319.0,318.0,206.0,206.0,300.0,308.0,303.0,,316.0,313.0,316.0,235.0,223.0,208.0,301.0
2026-07-20 17:00:00,317.0,,305.0,290.0,322.0,351.0,313.0,305.0,313.0,321.0,326.0,325.0,313.0,316.0,325.0,313.0,321.0,325.0,324.0,340.0,300.0,326.0,308.0,211.0,240.0,267.0,235.0,215.0,220.0,224.0,246.0,222.0,308.0,310.0,307.0,318.0,321.0,221.0,323.0,316.0,312.0,310.0,300.0,324.0,307.0,321.0,318.0,317.0,205.0,205.0,297.0,305.0,303.0,,316.0,312.0,316.0,235.0,225.0,208.0,300.0
2026-07-20 18:00:00,317.0,,303.0,289.0,321.0,350.0,311.0,303.0,308.0,319.0,324.0,325.0,305.0,303.0,318.0,312.0,320.0,324.0,322.0,337.0,300.0,324.0,306.0,211.0,240.0,267.0,234.0,215.0,220.0,222.0,246.0,221.0,306.0,308.0,305.0,316.0,321.0,222.0,326.0,321.0,318.0,315.0,305.0,324.0,297.0,320.0,317.0,314.0,204.0,204.0,296.0,304.0,301.0,,311.0,310.0,315.0,236.0,224.0,209.0,300.0
2026-07-20 19:00:00,317.0,,303.0,289.0,320.0,349.0,310.0,302.0,305.0,315.0,322.0,323.0,300.0,300.0,320.0,311.0,319.0,315.0,318.0,331.0,297.0,322.0,303.0,212.0,240.0,266.0,233.0,215.0,219.0,221.0,246.0,221.0,305.0,306.0,310.0,314.0,320.0,222.0,332.0,326.0,323.0,319.0,310.0,326.0,289.0,317.0,316.0,310.0,203.0,203.0,294.0,309.0,305.0,,308.0,308.0,314.0,235.0,222.0,209.0,302.0
2026-07-20 20:00:00,317.0,,306.0,290.0,319.0,348.0,312.0,315.0,299.0,314.0,319.0,321.0,301.0,298.0,321.0,307.0,317.0,331.0,315.0,330.0,294.0,320.0,301.0,212.0,240.0,265.0,233.0,215.0,218.0,220.0,245.0,221.0,305.0,306.0,311.0,312.0,318.0,223.0,335.0,328.0,326.0,321.0,315.0,330.0,307.0,315.0,315.0,308.0,202.0,203.0,295.0,313.0,301.0,,306.0,308.0,311.0,230.0,220.0,209.0,304.0
2026-07-20 21:00:00,315.0,,310.0,292.0,317.0,346.0,315.0,312.0,304.0,313.0,317.0,320.0,299.0,297.0,319.0,304.0,316.0,328.0,315.0,330.0,291.0,318.0,300.0,213.0,239.0,264.0,233.0,214.0,217.0,219.0,245.0,220.0,306.0,304.0,310.0,310.0,317.0,223.0,329.0,328.0,326.0,321.0,316.0,334.0,295.0,313.0,313.0,305.0,202.0,202.0,295.0,312.0,307.0,,303.0,307.0,310.0,228.0,220.0,209.0,307.0
2026-07-20 22:00:00,315.0,,315.0,295.0,315.0,345.0,319.0,311.0,302.0,312.0,315.0,318.0,298.0,296.0,321.0,302.0,312.0,324.0,315.0,331.0,290.0,316.0,299.0,213.0,237.0,264.0,233.0,213.0,215.0,219.0,244.0,220.0,310.0,303.0,309.0,309.0,316.0,223.0,321.0,326.0,326.0,320.0,316.0,338.0,296.0,311.0,310.0,303.0,201.0,202.0,295.0,312.0,310.0,,302.0,305.0,308.0,227.0,219.0,210.0,312.0
2026-07-20 23:00:00,309.0,,319.0,300.0,313.0,344.0,323.0,309.0,304.0,315.0,315.0,317.0,296.0,295.0,321.0,301.0,309.0,325.0,315.0,328.0,288.0,315.0,298.0,213.0,232.0,264.0,233.0,213.0,215.0,219.0,243.0,219.0,314.0,302.0,308.0,308.0,315.0,222.0,312.0,324.0,325.0,316.0,315.0,340.0,305.0,310.0,309.0,301.0,201.0,202.0,296.0,310.0,312.0,,302.0,305.0,307.0,227.0,218.0,208.0,315.0
2026-07-21 00:00:00,309.0,,320.0,304.0,311.0,341.0,325.0,310.0,309.0,315.0,314.0,317.0,293.0,295.0,321.0,301.0,308.0,327.0,315.0,329.0,287.0,314.0,297.0,213.0,231.0,264.0,233.0,212.0,214.0,225.0,243.0,219.0,318.0,300.0,309.0,308.0,314.0,222.0,333.0,319.0,321.0,313.0,312.0,340.0,300.0,309.0,308.0,300.0,201.0,202.0,299.0,310.0,312.0,,302.0,305.0,304.0,225.0,218.0,209.0,317.0
2026-07-21 01:00:00,309.0,,320.0,306.0,310.0,339.0,325.0,311.0,306.0,314.0,313.0,316.0,291.0,295.0,321.0,301.0,306.0,327.0,315.0,337.0,286.0,315.0,297.0,212.0,229.0,264.0,233.0,212.0,214.0,221.0,243.0,218.0,320.0,300.0,313.0,308.0,313.0,221.0,332.0,315.0,317.0,310.0,309.0,339.0,297.0,308.0,307.0,298.0,202.0,202.0,302.0,310.0,310.0,,302.0,304.0,304.0,226.0,217.0,207.0,316.0
2026-07-21 02:00:00,308.0,,319.0,307.0,309.0,339.0,325.0,315.0,307.0,313.0,313.0,316.0,301.0,296.0,322.0,302.0,305.0,323.0,314.0,340.0,285.0,315.0,296.0,212.0,229.0,265.0,233.0,212.0,213.0,220.0,242.0,218.0,321.0,299.0,315.0,308.0,314.0,220.0,328.0,310.0,315.0,309.0,306.0,338.0,294.0,308.0,306.0,299.0,202.0,202.0,307.0,312.0,307.0,,304.0,304.0,304.0,225.0,217.0,208.0,316.0
2026-07-21 03:00:00,309.0,,319.0,306.0,310.0,338.0,326.0,320.0,308.0,313.0,313.0,316.0,304.0,297.0,321.0,304.0,305.0,323.0,309.0,337.0,284.0,314.0,295.0,212.0,226.0,264.0,233.0,211.0,213.0,219.0,242.0,218.0,321.0,299.0,316.0,309.0,314.0,221.0,326.0,309.0,314.0,305.0,304.0,335.0,291.0,309.0,306.0,300.0,202.0,202.0,308.0,315.0,303.0,,304.0,306.0,302.0,224.0,216.0,215.0,315.0
2026-07-21 04:00:00,309.0,,318.0,304.0,311.0,336.0,325.0,319.0,314.0,312.0,313.0,316.0,305.0,298.0,319.0,306.0,304.0,322.0,310.0,338.0,283.0,317.0,293.0,211.0,225.0,264.0,233.0,210.0,213.0,219.0,241.0,217.0,320.0,300.0,318.0,311.0,314.0,219.0,325.0,309.0,313.0,305.0,304.0,333.0,285.0,310.0,305.0,302.0,203.0,203.0,308.0,317.0,305.0,,305.0,308.0,302.0,224.0,214.0,226.0,313.0
2026-07-21 05:00:00,311.0,,316.0,301.0,313.0,335.0,325.0,316.0,312.0,313.0,312.0,314.0,304.0,300.0,315.0,308.0,304.0,322.0,311.0,328.0,283.0,321.0,292.0,210.0,225.0,264.0,233.0,209.0,212.0,219.0,240.0,217.0,319.0,301.0,318.0,313.0,313.0,218.0,325.0,309.0,313.0,305.0,303.0,331.0,281.0,312.0,304.0,306.0,203.0,203.0,307.0,317.0,301.0,,307.0,308.0,303.0,225.0,214.0,236.0,309.0
2026-07-21 06:00:00,312.0,,314.0,299.0,316.0,334.0,324.0,314.0,311.0,314.0,313.0,312.0,289.0,303.0,312.0,308.0,305.0,322.0,313.0,316.0,282.0,322.0,291.0,210.0,225.0,264.0,233.0,209.0,212.0,219.0,240.0,217.0,318.0,301.0,315.0,315.0,312.0,217.0,325.0,309.0,313.0,305.0,303.0,330.0,279.0,313.0,304.0,309.0,203.0,203.0,306.0,317.0,301.0,,312.0,310.0,303.0,225.0,214.0,237.0,306.0
2026-07-21 07:00:00,315.0,,311.0,295.0,317.0,332.0,311.0,309.0,310.0,317.0,314.0,311.0,290.0,305.0,311.0,307.0,309.0,321.0,315.0,315.0,282.0,326.0,292.0,213.0,226.0,264.0,232.0,207.0,211.0,219.0,240.0,216.0,316.0,303.0,311.0,317.0,311.0,219.0,323.0,309.0,313.0,305.0,303.0,329.0,278.0,315.0,304.0,313.0,204.0,204.0,304.0,317.0,299.0,,311.0,314.0,305.0,226.0,213.0,227.0,303.0
2026-07-21 08:00:00,314.0,,306.0,293.0,321.0,332.0,317.0,313.0,310.0,320.0,315.0,307.0,302.0,306.0,314.0,309.0,313.0,319.0,315.0,316.0,280.0,327.0,290.0,222.0,228.0,264.0,232.0,208.0,211.0,219.0,239.0,216.0,314.0,309.0,311.0,319.0,316.0,220.0,321.0,309.0,312.0,304.0,303.0,329.0,305.0,317.0,304.0,316.0,204.0,204.0,303.0,317.0,297.0,,313.0,314.0,310.0,225.0,213.0,217.0,302.0
2026-07-21 09:00:00,316.0,,305.0,291.0,325.0,332.0,314.0,313.0,308.0,321.0,321.0,307.0,304.0,306.0,319.0,310.0,313.0,318.0,316.0,319.0,280.0,324.0,289.0,239.0,234.0,264.0,232.0,208.0,211.0,220.0,241.0,216.0,311.0,313.0,310.0,318.0,319.0,216.0,320.0,309.0,310.0,303.0,303.0,328.0,290.0,318.0,305.0,316.0,204.0,204.0,301.0,316.0,301.0,,311.0,314.0,312.0,226.0,212.0,212.0,302.0
2026-07-21 10:00:00,318.0,,306.0,291.0,328.0,332.0,314.0,313.0,311.0,319.0,324.0,307.0,304.0,305.0,322.0,310.0,315.0,319.0,316.0,320.0,281.0,321.0,291.0,236.0,234.0,263.0,232.0,208.0,211.0,220.0,240.0,215.0,308.0,310.0,308.0,317.0,320.0,215.0,317.0,309.0,310.0,300.0,298.0,328.0,296.0,319.0,308.0,314.0,204.0,204.0,301.0,313.0,299.0,,311.0,313.0,315.0,226.0,212.0,210.0,303.0
2026-07-21 11:00:00,315.0,,305.0,292.0,328.0,334.0,314.0,311.0,308.0,317.0,324.0,308.0,303.0,303.0,322.0,310.0,317.0,321.0,317.0,327.0,284.0,319.0,293.0,225.0,233.0,263.0,232.0,208.0,212.0,220.0,239.0,215.0,307.0,309.0,308.0,316.0,320.0,215.0,313.0,307.0,309.0,299.0,298.0,326.0,294.0,317.0,309.0,311.0,203.0,203.0,298.0,310.0,301.0,304.0,311.0,312.0,315.0,225.0,213.0,210.0,307.0
2026-07-21 12:00:00,312.0,,305.0,292.0,324.0,338.0,313.0,310.0,308.0,315.0,322.0,310.0,301.0,302.0,320.0,309.0,316.0,322.0,318.0,332.0,287.0,319.0,294.0,218.0,232.0,263.0,233.0,208.0,213.0,220.0,240.0,215.0,307.0,307.0,308.0,315.0,318.0,215.0,305.0,304.0,306.0,299.0,297.0,325.0,294.0,314.0,309.0,308.0,203.0,203.0,299.0,310.0,303.0,304.0,311.0,309.0,314.0,226.0,213.0,210.0,310.0
2026-07-21 13:00:00,311.0,,304.0,291.0,319.0,338.0,311.0,306.0,311.0,313.0,322.0,314.0,302.0,300.0,316.0,308.0,316.0,323.0,319.0,330.0,289.0,318.0,300.0,213.0,232.0,263.0,234.0,209.0,213.0,219.0,240.0,214.0,307.0,305.0,309.0,313.0,317.0,216.0,290.0,300.0,305.0,299.0,295.0,322.0,299.0,313.0,309.0,305.0,202.0,202.0,299.0,309.0,297.0,303.0,310.0,308.0,313.0,227.0,214.0,208.0,309.0
2026-07-21 14:00:00,310.0,,303.0,290.0,316.0,338.0,309.0,304.0,313.0,313.0,320.0,317.0,304.0,299.0,310.0,307.0,316.0,319.0,317.0,327.0,290.0,317.0,301.0,212.0,233.0,264.0,234.0,209.0,213.0,219.0,239.0,214.0,306.0,304.0,308.0,312.0,316.0,216.0,281.0,298.0,320.0,299.0,293.0,320.0,277.0,312.0,308.0,303.0,201.0,202.0,297.0,308.0,297.0,303.0,308.0,306.0,311.0,227.0,214.0,209.0,308.0
2026-07-21 15:00:00,310.0,,303.0,290.0,314.0,338.0,307.0,302.0,316.0,312.0,319.0,318.0,303.0,298.0,310.0,307.0,315.0,320.0,299.0,328.0,292.0,316.0,302.0,212.0,233.0,263.0,234.0,209.0,214.0,218.0,238.0,214.0,305.0,302.0,306.0,311.0,315.0,216.0,295.0,298.0,329.0,299.0,293.0,318.0,296.0,311.0,308.0,302.0,201.0,201.0,296.0,308.0,301.0,301.0,309.0,305.0,309.0,228.0,215.0,208.0,307.0
2026-07-21 16:00:00,310.0,,302.0,288.0,313.0,338.0,306.0,301.0,312.0,313.0,319.0,318.0,302.0,298.0,309.0,306.0,314.0,312.0,292.0,329.0,293.0,315.0,302.0,211.0,233.0,262.0,233.0,209.0,214.0,217.0,238.0,214.0,304.0,302.0,304.0,311.0,310.0,216.0,300.0,299.0,332.0,300.0,293.0,316.0,276.0,311.0,308.0,302.0,201.0,200.0,296.0,307.0,301.0,300.0,308.0,305.0,308.0,227.0,217.0,208.0,305.0
2026-07-21 17:00:00,310.0,,301.0,287.0,313.0,338.0,304.0,299.0,309.0,313.0,318.0,317.0,301.0,297.0,310.0,305.0,313.0,309.0,291.0,328.0,293.0,314.0,300.0,210.0,234.0,261.0,231.0,209.0,213.0,216.0,237.0,214.0,304.0,302.0,304.0,310.0,303.0,216.0,303.0,304.0,332.0,303.0,294.0,316.0,293.0,309.0,307.0,301.0,201.0,198.0,294.0,303.0,299.0,299.0,308.0,305.0,306.0,225.0,217.0,208.0,304.0
2026-07-21 18:00:00,310.0,,299.0,286.0,313.0,338.0,303.0,297.0,308.0,313.0,316.0,316.0,297.0,296.0,310.0,305.0,312.0,306.0,289.0,326.0,292.0,312.0,298.0,209.0,233.0,261.0,231.0,209.0,213.0,215.0,236.0,213.0,303.0,302.0,302.0,309.0,303.0,217.0,306.0,311.0,332.0,308.0,299.0,318.0,266.0,308.0,306.0,300.0,201.0,198.0,294.0,300.0,296.0,297.0,307.0,305.0,307.0,225.0,216.0,208.0,304.0
2026-07-21 19:00:00,309.0,,299.0,285.0,314.0,336.0,304.0,298.0,304.0,312.0,314.0,315.0,296.0,295.0,310.0,304.0,311.0,312.0,289.0,322.0,290.0,311.0,296.0,209.0,229.0,259.0,230.0,209.0,213.0,214.0,236.0,213.0,302.0,301.0,303.0,308.0,303.0,217.0,306.0,314.0,328.0,312.0,304.0,320.0,298.0,307.0,305.0,299.0,201.0,197.0,292.0,303.0,296.0,297.0,307.0,304.0,306.0,226.0,216.0,205.0,305.0
2026-07-21 20:00:00,309.0,,301.0,286.0,313.0,335.0,306.0,305.0,302.0,310.0,313.0,313.0,294.0,294.0,312.0,302.0,310.0,315.0,289.0,320.0,285.0,308.0,294.0,208.0,227.0,258.0,229.0,208.0,212.0,214.0,235.0,213.0,301.0,301.0,305.0,307.0,302.0,217.0,309.0,315.0,323.0,315.0,308.0,323.0,283.0,306.0,304.0,297.0,196.0,197.0,291.0,306.0,296.0,296.0,304.0,302.0,306.0,222.0,214.0,205.0,307.0
2026-07-21 21:00:00,309.0,,305.0,287.0,312.0,334.0,308.0,303.0,307.0,309.0,312.0,312.0,294.0,293.0,312.0,301.0,309.0,323.0,288.0,320.0,283.0,308.0,293.0,208.0,225.0,258.0,228.0,208.0,211.0,213.0,234.0,213.0,302.0,300.0,305.0,306.0,300.0,217.0,309.0,316.0,319.0,316.0,309.0,326.0,287.0,305.0,303.0,296.0,197.0,197.0,292.0,306.0,301.0,296.0,303.0,302.0,305.0,221.0,213.0,205.0,310.0
2026-07-21 22:00:00,307.0,,309.0,290.0,311.0,333.0,311.0,302.0,306.0,309.0,312.0,310.0,293.0,292.0,312.0,300.0,308.0,320.0,286.0,321.0,283.0,307.0,293.0,208.0,224.0,257.0,227.0,207.0,210.0,213.0,234.0,212.0,304.0,298.0,303.0,304.0,299.0,216.0,306.0,318.0,315.0,311.0,309.0,329.0,292.0,303.0,302.0,295.0,197.0,197.0,291.0,305.0,303.0,297.0,303.0,301.0,304.0,219.0,213.0,204.0,314.0
2026-07-21 23:00:00,305.0,,313.0,294.0,309.0,332.0,315.0,301.0,306.0,311.0,310.0,309.0,290.0,292.0,311.0,299.0,307.0,318.0,284.0,323.0,282.0,306.0,292.0,207.0,223.0,257.0,227.0,207.0,208.0,213.0,234.0,212.0,308.0,297.0,304.0,303.0,299.0,216.0,303.0,314.0,310.0,308.0,309.0,331.0,277.0,302.0,301.0,294.0,197.0,197.0,292.0,305.0,305.0,297.0,302.0,300.0,301.0,219.0,212.0,202.0,319.0
2026-07-22 00:00:00,305.0,,315.0,297.0,308.0,330.0,317.0,301.0,308.0,311.0,310.0,309.0,286.0,291.0,313.0,299.0,306.0,316.0,282.0,324.0,282.0,306.0,292.0,207.0,221.0,258.0,226.0,206.0,208.0,219.0,234.0,212.0,312.0,296.0,305.0,303.0,299.0,216.0,309.0,311.0,310.0,305.0,305.0,332.0,285.0,301.0,299.0,293.0,198.0,197.0,293.0,303.0,307.0,298.0,300.0,299.0,301.0,218.0,210.0,202.0,320.0
2026-07-22 01:00:00,304.0,,315.0,299.0,307.0,330.0,318.0,302.0,307.0,310.0,309.0,310.0,284.0,291.0,313.0,298.0,306.0,315.0,282.0,329.0,281.0,306.0,292.0,207.0,221.0,258.0,226.0,206.0,207.0,216.0,234.0,212.0,315.0,295.0,305.0,303.0,298.0,215.0,321.0,308.0,310.0,303.0,303.0,331.0,297.0,301.0,298.0,293.0,198.0,197.0,297.0,303.0,303.0,296.0,301.0,299.0,300.0,218.0,210.0,202.0,318.0
2026-07-22 02:00:00,304.0,,314.0,300.0,306.0,329.0,318.0,308.0,307.0,309.0,309.0,309.0,295.0,291.0,314.0,298.0,305.0,316.0,282.0,330.0,281.0,307.0,291.0,206.0,220.0,259.0,226.0,205.0,207.0,215.0,234.0,212.0,315.0,295.0,307.0,303.0,298.0,216.0,317.0,306.0,310.0,299.0,303.0,330.0,292.0,301.0,298.0,293.0,198.0,198.0,302.0,308.0,299.0,297.0,301.0,299.0,300.0,218.0,209.0,201.0,316.0
2026-07-22 03:00:00,304.0,,312.0,300.0,307.0,328.0,318.0,311.0,307.0,309.0,308.0,309.0,299.0,292.0,312.0,300.0,305.0,315.0,282.0,327.0,280.0,307.0,290.0,206.0,220.0,259.0,226.0,205.0,206.0,214.0,233.0,212.0,315.0,295.0,309.0,304.0,299.0,216.0,316.0,303.0,309.0,299.0,300.0,327.0,281.0,301.0,297.0,294.0,198.0,198.0,303.0,310.0,296.0,298.0,302.0,300.0,299.0,216.0,209.0,201.0,315.0
2026-07-22 04:00:00,304.0,,311.0,300.0,306.0,327.0,317.0,311.0,308.0,309.0,308.0,309.0,300.0,293.0,310.0,301.0,304.0,316.0,282.0,329.0,280.0,309.0,291.0,205.0,219.0,259.0,226.0,205.0,206.0,214.0,233.0,211.0,314.0,295.0,311.0,305.0,298.0,214.0,312.0,303.0,304.0,299.0,298.0,325.0,270.0,302.0,296.0,296.0,199.0,198.0,302.0,311.0,299.0,300.0,302.0,300.0,298.0,217.0,209.0,199.0,313.0
2026-07-22 05:00:00,306.0,,308.0,301.0,305.0,325.0,316.0,309.0,309.0,309.0,308.0,308.0,297.0,294.0,307.0,301.0,304.0,315.0,283.0,327.0,280.0,313.0,290.0,205.0,219.0,259.0,226.0,203.0,205.0,213.0,233.0,211.0,313.0,296.0,311.0,306.0,298.0,211.0,310.0,303.0,304.0,298.0,297.0,324.0,262.0,304.0,296.0,298.0,199.0,199.0,299.0,312.0,301.0,301.0,304.0,300.0,298.0,217.0,209.0,206.0,310.0
2026-07-22 06:00:00,307.0,,305.0,297.0,306.0,324.0,315.0,305.0,312.0,309.0,308.0,307.0,,296.0,306.0,302.0,303.0,315.0,284.0,315.0,279.0,316.0,289.0,203.0,218.0,258.0,226.0,203.0,205.0,213.0,233.0,211.0,312.0,296.0,307.0,308.0,297.0,210.0,305.0,303.0,302.0,298.0,296.0,322.0,296.0,305.0,296.0,301.0,200.0,199.0,297.0,311.0,296.0,302.0,305.0,303.0,298.0,213.0,209.0,209.0,307.0
2026-07-22 07:00:00,308.0,,302.0,295.0,306.0,323.0,294.0,300.0,313.0,310.0,308.0,305.0,,297.0,304.0,304.0,305.0,314.0,287.0,311.0,279.0,318.0,287.0,202.0,217.0,258.0,225.0,202.0,205.0,213.0,233.0,211.0,310.0,297.0,307.0,310.0,297.0,215.0,311.0,303.0,299.0,298.0,296.0,321.0,298.0,308.0,297.0,304.0,200.0,200.0,299.0,309.0,297.0,301.0,306.0,308.0,299.0,212.0,209.0,211.0,305.0
2026-07-22 08:00:00,308.0,,299.0,291.0,308.0,323.0,310.0,304.0,308.0,311.0,310.0,303.0,295.0,300.0,305.0,304.0,305.0,313.0,288.0,311.0,277.0,318.0,286.0,202.0,216.0,257.0,225.0,203.0,205.0,213.0,233.0,211.0,307.0,301.0,307.0,313.0,296.0,213.0,311.0,303.0,299.0,298.0,295.0,320.0,289.0,310.0,298.0,308.0,201.0,201.0,297.0,309.0,296.0,300.0,305.0,307.0,303.0,211.0,208.0,208.0,304.0
2026-07-22 09:00:00,310.0,,299.0,286.0,311.0,324.0,308.0,304.0,309.0,315.0,314.0,302.0,297.0,300.0,311.0,303.0,308.0,313.0,290.0,312.0,276.0,315.0,288.0,210.0,215.0,257.0,225.0,203.0,205.0,213.0,234.0,210.0,304.0,307.0,304.0,313.0,301.0,209.0,311.0,303.0,299.0,297.0,293.0,320.0,268.0,312.0,306.0,309.0,202.0,201.0,296.0,307.0,292.0,299.0,305.0,307.0,306.0,211.0,209.0,206.0,304.0
2026-07-22 10:00:00,312.0,,299.0,285.0,317.0,325.0,306.0,302.0,309.0,314.0,317.0,302.0,297.0,299.0,312.0,303.0,309.0,312.0,293.0,313.0,277.0,314.0,288.0,211.0,218.0,256.0,225.0,203.0,206.0,213.0,233.0,209.0,301.0,301.0,303.0,311.0,302.0,209.0,311.0,303.0,299.0,297.0,293.0,319.0,297.0,312.0,307.0,309.0,202.0,202.0,296.0,304.0,296.0,297.0,305.0,307.0,308.0,212.0,208.0,205.0,304.0
2026-07-22 11:00:00,308.0,,299.0,285.0,319.0,327.0,305.0,300.0,309.0,312.0,317.0,303.0,296.0,297.0,313.0,302.0,309.0,310.0,292.0,317.0,278.0,312.0,290.0,213.0,221.0,255.0,225.0,203.0,207.0,213.0,233.0,209.0,300.0,302.0,302.0,309.0,300.0,209.0,311.0,303.0,303.0,297.0,293.0,319.0,278.0,311.0,307.0,306.0,203.0,202.0,293.0,301.0,290.0,297.0,304.0,303.0,308.0,212.0,209.0,203.0,304.0
2026-07-22 12:00:00,304.0,,299.0,285.0,321.0,329.0,305.0,299.0,306.0,310.0,316.0,304.0,296.0,296.0,313.0,302.0,309.0,311.0,291.0,321.0,280.0,311.0,292.0,209.0,224.0,256.0,225.0,204.0,208.0,213.0,233.0,210.0,300.0,303.0,301.0,308.0,301.0,210.0,309.0,303.0,308.0,297.0,293.0,319.0,297.0,309.0,307.0,304.0,203.0,202.0,292.0,301.0,292.0,295.0,304.0,296.0,307.0,214.0,210.0,201.0,304.0
2026-07-22 13:00:00,305.0,,299.0,285.0,319.0,331.0,305.0,298.0,307.0,309.0,315.0,307.0,296.0,294.0,311.0,302.0,308.0,308.0,292.0,321.0,282.0,310.0,295.0,206.0,226.0,256.0,226.0,204.0,209.0,212.0,234.0,209.0,300.0,299.0,301.0,306.0,299.0,210.0,308.0,303.0,311.0,298.0,293.0,317.0,281.0,307.0,305.0,301.0,203.0,202.0,292.0,298.0,292.0,296.0,305.0,294.0,306.0,218.0,211.0,200.0,304.0
2026-07-22 14:00:00,303.0,,299.0,285.0,316.0,331.0,304.0,298.0,305.0,307.0,313.0,310.0,297.0,293.0,309.0,301.0,308.0,305.0,293.0,323.0,284.0,309.0,296.0,205.0,227.0,260.0,226.0,206.0,210.0,211.0,233.0,209.0,300.0,298.0,302.0,305.0,299.0,210.0,310.0,303.0,322.0,298.0,293.0,315.0,298.0,306.0,303.0,298.0,202.0,202.0,290.0,296.0,292.0,295.0,303.0,294.0,303.0,219.0,213.0,202.0,303.0
2026-07-22 15:00:00,303.0,,298.0,285.0,314.0,331.0,302.0,297.0,307.0,307.0,313.0,312.0,297.0,292.0,306.0,300.0,307.0,303.0,292.0,321.0,286.0,309.0,295.0,205.0,227.0,261.0,226.0,206.0,210.0,211.0,233.0,209.0,300.0,297.0,301.0,304.0,299.0,211.0,314.0,303.0,322.0,298.0,293.0,313.0,292.0,304.0,299.0,296.0,202.0,201.0,290.0,297.0,294.0,294.0,302.0,294.0,303.0,222.0,216.0,203.0,303.0
2026-07-22 16:00:00,303.0,,298.0,284.0,309.0,331.0,300.0,297.0,305.0,306.0,312.0,312.0,296.0,291.0,304.0,299.0,307.0,303.0,292.0,320.0,287.0,309.0,295.0,204.0,228.0,256.0,226.0,233.0,211.0,210.0,232.0,208.0,300.0,297.0,300.0,303.0,297.0,211.0,314.0,303.0,322.0,299.0,293.0,312.0,287.0,304.0,301.0,295.0,201.0,201.0,290.0,298.0,292.0,294.0,301.0,294.0,300.0,224.0,213.0,203.0,302.0
2026-07-22 17:00:00,302.0,,298.0,284.0,306.0,330.0,300.0,295.0,305.0,307.0,311.0,310.0,296.0,290.0,302.0,299.0,306.0,308.0,292.0,322.0,287.0,308.0,293.0,204.0,228.0,254.0,226.0,234.0,211.0,209.0,230.0,208.0,299.0,301.0,299.0,303.0,296.0,212.0,314.0,304.0,323.0,299.0,293.0,312.0,287.0,303.0,303.0,294.0,201.0,200.0,289.0,297.0,290.0,294.0,301.0,294.0,299.0,220.0,216.0,203.0,302.0
2026-07-22 18:00:00,303.0,,296.0,283.0,306.0,329.0,299.0,294.0,302.0,306.0,309.0,308.0,290.0,290.0,302.0,298.0,305.0,304.0,292.0,321.0,287.0,307.0,290.0,204.0,229.0,243.0,225.0,234.0,210.0,208.0,228.0,208.0,299.0,302.0,298.0,302.0,296.0,211.0,314.0,305.0,320.0,299.0,293.0,313.0,287.0,304.0,303.0,294.0,200.0,199.0,289.0,297.0,290.0,292.0,300.0,299.0,299.0,219.0,214.0,202.0,302.0
2026-07-22 19:00:00,302.0,,296.0,283.0,305.0,328.0,300.0,294.0,303.0,306.0,307.0,306.0,287.0,289.0,303.0,297.0,304.0,302.0,289.0,315.0,283.0,306.0,288.0,204.0,227.0,224.0,225.0,235.0,211.0,207.0,228.0,207.0,298.0,302.0,300.0,302.0,295.0,212.0,313.0,305.0,312.0,300.0,295.0,316.0,287.0,303.0,301.0,295.0,200.0,199.0,289.0,299.0,290.0,291.0,298.0,307.0,297.0,216.0,213.0,204.0,302.0
2026-07-22 20:00:00,302.0,,297.0,283.0,305.0,326.0,301.0,296.0,300.0,305.0,306.0,305.0,288.0,288.0,306.0,296.0,303.0,302.0,288.0,313.0,279.0,305.0,286.0,204.0,223.0,224.0,224.0,235.0,210.0,206.0,227.0,207.0,298.0,302.0,300.0,301.0,295.0,213.0,314.0,309.0,303.0,301.0,297.0,318.0,287.0,302.0,299.0,294.0,199.0,199.0,289.0,299.0,292.0,292.0,298.0,305.0,296.0,217.0,213.0,205.0,303.0
2026-07-22 21:00:00,303.0,,299.0,284.0,305.0,325.0,304.0,296.0,301.0,304.0,306.0,303.0,288.0,288.0,302.0,295.0,302.0,304.0,288.0,312.0,277.0,304.0,285.0,204.0,220.0,222.0,224.0,235.0,210.0,206.0,227.0,207.0,298.0,301.0,299.0,300.0,295.0,213.0,314.0,309.0,294.0,300.0,298.0,322.0,287.0,301.0,296.0,293.0,199.0,198.0,288.0,299.0,292.0,291.0,297.0,302.0,297.0,216.0,212.0,201.0,305.0
2026-07-22 22:00:00,302.0,,301.0,285.0,305.0,324.0,307.0,296.0,300.0,304.0,305.0,303.0,288.0,287.0,301.0,295.0,301.0,310.0,283.0,312.0,276.0,303.0,285.0,205.0,219.0,222.0,224.0,235.0,210.0,207.0,227.0,207.0,300.0,301.0,299.0,300.0,294.0,214.0,311.0,307.0,293.0,299.0,298.0,324.0,287.0,300.0,295.0,292.0,199.0,198.0,289.0,299.0,296.0,290.0,297.0,298.0,297.0,216.0,213.0,204.0,306.0
2026-07-22 23:00:00,301.0,,302.0,287.0,304.0,323.0,309.0,296.0,300.0,304.0,305.0,302.0,285.0,287.0,303.0,295.0,300.0,310.0,281.0,312.0,276.0,302.0,284.0,205.0,218.0,222.0,224.0,234.0,209.0,208.0,227.0,206.0,301.0,300.0,299.0,299.0,294.0,214.0,312.0,304.0,292.0,299.0,298.0,325.0,285.0,299.0,293.0,291.0,198.0,197.0,289.0,299.0,294.0,291.0,296.0,298.0,296.0,214.0,214.0,202.0,308.0
2026-07-23 00:00:00,301.0,,304.0,288.0,304.0,322.0,311.0,296.0,301.0,304.0,305.0,302.0,282.0,287.0,304.0,294.0,300.0,311.0,279.0,312.0,276.0,303.0,284.0,205.0,218.0,222.0,224.0,234.0,209.0,213.0,227.0,206.0,303.0,300.0,298.0,299.0,294.0,214.0,311.0,303.0,291.0,299.0,298.0,324.0,284.0,299.0,291.0,290.0,198.0,197.0,287.0,298.0,294.0,290.0,298.0,297.0,297.0,215.0,212.0,203.0,309.0
2026-07-23 01:00:00,301.0,,304.0,290.0,303.0,322.0,311.0,296.0,,304.0,304.0,302.0,280.0,288.0,304.0,294.0,299.0,310.0,280.0,315.0,275.0,303.0,284.0,205.0,218.0,222.0,223.0,234.0,208.0,210.0,227.0,207.0,304.0,299.0,299.0,299.0,294.0,212.0,307.0,303.0,291.0,298.0,295.0,322.0,285.0,299.0,289.0,289.0,198.0,197.0,283.0,299.0,294.0,291.0,297.0,297.0,295.0,214.0,212.0,201.0,308.0
2026-07-23 02:00:00,301.0,,303.0,291.0,303.0,322.0,311.0,297.0,301.0,304.0,304.0,302.0,293.0,288.0,305.0,295.0,299.0,310.0,279.0,320.0,275.0,304.0,284.0,205.0,219.0,223.0,223.0,233.0,208.0,210.0,227.0,206.0,305.0,299.0,300.0,300.0,294.0,210.0,303.0,303.0,293.0,297.0,293.0,320.0,285.0,299.0,287.0,289.0,199.0,198.0,294.0,299.0,292.0,292.0,297.0,297.0,,212.0,212.0,202.0,307.0
2026-07-23 03:00:00,301.0,,303.0,290.0,303.0,321.0,310.0,300.0,302.0,305.0,304.0,302.0,299.0,288.0,306.0,295.0,299.0,311.0,279.0,317.0,275.0,306.0,284.0,205.0,219.0,223.0,223.0,233.0,208.0,209.0,226.0,206.0,305.0,299.0,300.0,300.0,294.0,212.0,297.0,303.0,293.0,294.0,293.0,318.0,285.0,299.0,292.0,289.0,199.0,198.0,294.0,299.0,292.0,292.0,298.0,297.0,289.0,210.0,212.0,202.0,306.0
2026-07-23 04:00:00,301.0,,302.0,289.0,303.0,320.0,309.0,301.0,303.0,304.0,304.0,302.0,297.0,289.0,303.0,295.0,298.0,311.0,279.0,320.0,275.0,308.0,283.0,205.0,219.0,223.0,222.0,233.0,208.0,209.0,226.0,206.0,305.0,299.0,302.0,301.0,293.0,213.0,296.0,303.0,293.0,294.0,293.0,316.0,285.0,300.0,291.0,290.0,199.0,198.0,292.0,300.0,292.0,292.0,297.0,297.0,292.0,210.0,212.0,201.0,305.0
2026-07-23 05:00:00,302.0,,300.0,288.0,303.0,320.0,308.0,300.0,306.0,305.0,304.0,302.0,292.0,289.0,300.0,295.0,298.0,307.0,279.0,323.0,275.0,309.0,283.0,205.0,220.0,224.0,222.0,233.0,208.0,210.0,227.0,205.0,304.0,299.0,303.0,301.0,293.0,212.0,310.0,302.0,293.0,294.0,293.0,315.0,286.0,300.0,290.0,292.0,199.0,198.0,293.0,298.0,290.0,293.0,297.0,298.0,293.0,210.0,210.0,201.0,304.0
2026-07-23 06:00:00,303.0,,299.0,286.0,304.0,319.0,307.0,298.0,305.0,304.0,304.0,301.0,,290.0,300.0,296.0,298.0,305.0,280.0,317.0,274.0,311.0,283.0,204.0,217.0,224.0,222.0,232.0,207.0,210.0,227.0,205.0,303.0,300.0,302.0,302.0,293.0,212.0,308.0,302.0,293.0,294.0,293.0,313.0,287.0,302.0,290.0,295.0,199.0,199.0,292.0,298.0,288.0,294.0,297.0,298.0,296.0,210.0,210.0,202.0,303.0
2026-07-23 07:00:00,304.0,,298.0,285.0,305.0,318.0,304.0,296.0,305.0,304.0,304.0,300.0,,291.0,299.0,297.0,298.0,301.0,280.0,306.0,274.0,312.0,283.0,204.0,216.0,224.0,221.0,231.0,207.0,210.0,227.0,205.0,302.0,300.0,301.0,304.0,292.0,213.0,308.0,300.0,291.0,294.0,293.0,312.0,290.0,303.0,291.0,297.0,200.0,199.0,291.0,298.0,290.0,294.0,297.0,300.0,296.0,209.0,209.0,202.0,302.0
2026-07-23 08:00:00,304.0,,296.0,284.0,307.0,318.0,300.0,297.0,303.0,306.0,305.0,299.0,289.0,292.0,301.0,296.0,300.0,301.0,282.0,309.0,273.0,313.0,282.0,204.0,216.0,224.0,221.0,231.0,206.0,210.0,228.0,205.0,301.0,304.0,301.0,305.0,292.0,212.0,309.0,298.0,288.0,294.0,293.0,310.0,286.0,305.0,294.0,300.0,200.0,199.0,289.0,298.0,288.0,293.0,296.0,299.0,297.0,209.0,209.0,200.0,301.0
2026-07-23 09:00:00,304.0,,296.0,283.0,308.0,319.0,299.0,297.0,303.0,307.0,307.0,299.0,292.0,293.0,304.0,296.0,301.0,302.0,284.0,312.0,272.0,311.0,281.0,203.0,217.0,223.0,221.0,231.0,206.0,210.0,229.0,205.0,300.0,305.0,300.0,305.0,295.0,211.0,309.0,298.0,288.0,294.0,292.0,309.0,287.0,305.0,296.0,300.0,200.0,199.0,289.0,297.0,288.0,293.0,297.0,299.0,299.0,211.0,209.0,199.0,301.0
2026-07-23 10:00:00,304.0,,296.0,282.0,310.0,321.0,297.0,297.0,303.0,306.0,310.0,299.0,293.0,293.0,306.0,296.0,301.0,304.0,285.0,312.0,275.0,307.0,285.0,203.0,217.0,222.0,221.0,231.0,206.0,210.0,229.0,205.0,299.0,302.0,299.0,305.0,295.0,211.0,309.0,298.0,291.0,294.0,292.0,309.0,286.0,304.0,297.0,298.0,200.0,199.0,289.0,297.0,288.0,294.0,296.0,298.0,300.0,213.0,207.0,200.0,302.0
2026-07-23 11:00:00,302.0,,296.0,282.0,312.0,321.0,296.0,296.0,302.0,305.0,311.0,300.0,292.0,292.0,306.0,296.0,301.0,306.0,286.0,310.0,277.0,305.0,286.0,202.0,220.0,222.0,221.0,232.0,207.0,211.0,230.0,205.0,298.0,302.0,299.0,304.0,295.0,211.0,310.0,297.0,297.0,294.0,292.0,308.0,284.0,303.0,296.0,296.0,200.0,200.0,289.0,294.0,288.0,295.0,296.0,297.0,300.0,217.0,208.0,197.0,302.0
2026-07-23 12:00:00,301.0,,296.0,282.0,311.0,323.0,295.0,296.0,301.0,305.0,310.0,300.0,289.0,290.0,305.0,296.0,301.0,307.0,286.0,313.0,278.0,304.0,287.0,202.0,222.0,223.0,221.0,232.0,207.0,211.0,230.0,,298.0,301.0,298.0,303.0,295.0,211.0,310.0,297.0,302.0,294.0,292.0,308.0,285.0,301.0,295.0,294.0,200.0,200.0,288.0,295.0,294.0,294.0,295.0,296.0,299.0,218.0,209.0,199.0,302.0
2026-07-23 13:00:00,300.0,,296.0,283.0,308.0,323.0,295.0,295.0,302.0,305.0,310.0,302.0,288.0,290.0,304.0,296.0,301.0,308.0,287.0,311.0,278.0,303.0,288.0,202.0,223.0,223.0,221.0,232.0,208.0,211.0,230.0,,298.0,300.0,299.0,302.0,294.0,211.0,310.0,297.0,308.0,294.0,292.0,307.0,285.0,300.0,294.0,291.0,201.0,200.0,289.0,296.0,292.0,293.0,296.0,295.0,299.0,218.0,209.0,199.0,302.0
2026-07-23 14:00:00,300.0,,297.0,283.0,306.0,323.0,294.0,295.0,303.0,305.0,310.0,303.0,293.0,289.0,301.0,295.0,301.0,307.0,287.0,309.0,279.0,302.0,289.0,202.0,225.0,223.0,222.0,232.0,208.0,211.0,230.0,,298.0,300.0,299.0,302.0,294.0,211.0,309.0,298.0,311.0,294.0,292.0,306.0,284.0,298.0,292.0,288.0,201.0,201.0,287.0,296.0,292.0,293.0,295.0,294.0,301.0,216.0,209.0,201.0,302.0
2026-07-23 15:00:00,300.0,,297.0,283.0,305.0,322.0,293.0,294.0,302.0,304.0,309.0,304.0,296.0,289.0,300.0,295.0,301.0,300.0,287.0,316.0,280.0,302.0,289.0,202.0,226.0,222.0,222.0,232.0,208.0,210.0,229.0,,298.0,300.0,298.0,301.0,294.0,211.0,310.0,300.0,311.0,294.0,292.0,305.0,284.0,297.0,292.0,287.0,201.0,201.0,287.0,296.0,292.0,291.0,296.0,294.0,299.0,214.0,211.0,201.0,302.0
2026-07-23 16:00:00,300.0,297.0,297.0,283.0,304.0,321.0,292.0,294.0,301.0,303.0,306.0,304.0,294.0,288.0,298.0,295.0,300.0,299.0,280.0,317.0,280.0,302.0,288.0,203.0,224.0,221.0,222.0,232.0,208.0,210.0,229.0,,298.0,299.0,298.0,300.0,293.0,211.0,310.0,301.0,307.0,294.0,293.0,305.0,283.0,297.0,293.0,286.0,202.0,202.0,289.0,297.0,288.0,291.0,296.0,295.0,296.0,215.0,211.0,203.0,302.0
2026-07-23 17:00:00,300.0,298.0,297.0,283.0,303.0,320.0,292.0,294.0,301.0,303.0,305.0,304.0,294.0,287.0,297.0,294.0,300.0,298.0,278.0,312.0,279.0,301.0,287.0,203.0,219.0,221.0,222.0,232.0,208.0,209.0,229.0,,298.0,299.0,298.0,299.0,292.0,211.0,313.0,301.0,299.0,297.0,293.0,305.0,281.0,296.0,289.0,285.0,202.0,202.0,288.0,296.0,290.0,290.0,297.0,294.0,296.0,214.0,213.0,204.0,301.0
2026-07-23 18:00:00,300.0,297.0,296.0,283.0,303.0,318.0,292.0,294.0,300.0,302.0,305.0,304.0,288.0,287.0,298.0,293.0,299.0,298.0,278.0,311.0,279.0,301.0,286.0,203.0,217.0,220.0,222.0,232.0,208.0,209.0,228.0,,298.0,299.0,297.0,299.0,291.0,211.0,314.0,303.0,299.0,299.0,293.0,306.0,280.0,297.0,280.0,284.0,202.0,202.0,287.0,296.0,290.0,289.0,296.0,293.0,295.0,212.0,213.0,202.0,302.0
2026-07-23 19:00:00,300.0,297.0,296.0,283.0,303.0,317.0,293.0,293.0,300.0,302.0,304.0,303.0,284.0,287.0,299.0,293.0,299.0,299.0,278.0,309.0,277.0,300.0,285.0,203.0,217.0,220.0,221.0,233.0,209.0,209.0,228.0,,298.0,299.0,298.0,299.0,291.0,211.0,317.0,306.0,298.0,299.0,294.0,307.0,280.0,296.0,278.0,284.0,202.0,202.0,289.0,296.0,288.0,289.0,297.0,293.0,294.0,212.0,212.0,201.0,303.0
2026-07-23 20:00:00,300.0,298.0,298.0,283.0,303.0,316.0,293.0,294.0,300.0,302.0,304.0,302.0,286.0,287.0,299.0,293.0,298.0,299.0,278.0,309.0,275.0,300.0,284.0,203.0,216.0,220.0,221.0,233.0,209.0,208.0,226.0,,290.0,299.0,298.0,299.0,292.0,211.0,319.0,305.0,297.0,299.0,297.0,307.0,280.0,293.0,275.0,284.0,202.0,202.0,287.0,296.0,290.0,290.0,296.0,293.0,295.0,212.0,214.0,202.0,304.0
2026-07-23 21:00:00,300.0,300.0,299.0,284.0,303.0,315.0,294.0,294.0,300.0,302.0,304.0,301.0,285.0,287.0,298.0,293.0,298.0,303.0,278.0,310.0,274.0,299.0,283.0,204.0,217.0,219.0,221.0,234.0,209.0,208.0,226.0,,292.0,299.0,298.0,299.0,291.0,212.0,318.0,307.0,295.0,299.0,298.0,309.0,280.0,292.0,274.0,284.0,201.0,202.0,288.0,296.0,290.0,290.0,296.0,293.0,296.0,212.0,214.0,202.0,306.0
2026-07-23 22:00:00,300.0,302.0,301.0,286.0,303.0,313.0,295.0,295.0,299.0,302.0,303.0,300.0,284.0,287.0,297.0,293.0,298.0,306.0,278.0,311.0,273.0,298.0,282.0,204.0,217.0,218.0,221.0,234.0,210.0,208.0,226.0,,294.0,299.0,298.0,299.0,291.0,212.0,321.0,308.0,293.0,299.0,298.0,310.0,279.0,292.0,272.0,283.0,201.0,202.0,288.0,296.0,294.0,289.0,296.0,293.0,296.0,213.0,214.0,203.0,307.0
2026-07-23 23:00:00,299.0,303.0,302.0,287.0,303.0,314.0,297.0,295.0,299.0,302.0,303.0,300.0,283.0,287.0,297.0,293.0,298.0,307.0,278.0,309.0,273.0,298.0,282.0,204.0,217.0,218.0,221.0,235.0,210.0,209.0,226.0,,295.0,299.0,298.0,299.0,291.0,212.0,321.0,306.0,293.0,299.0,298.0,311.0,279.0,292.0,,283.0,201.0,201.0,286.0,296.0,296.0,289.0,297.0,293.0,296.0,213.0,214.0,203.0,308.0
2026-07-24 00:00:00,300.0,304.0,302.0,288.0,303.0,314.0,297.0,296.0,299.0,302.0,303.0,299.0,280.0,287.0,299.0,293.0,298.0,300.0,278.0,310.0,273.0,299.0,282.0,204.0,217.0,218.0,221.0,235.0,211.0,211.0,226.0,,297.0,299.0,299.0,299.0,291.0,212.0,319.0,302.0,293.0,298.0,297.0,312.0,280.0,292.0,,283.0,201.0,202.0,287.0,296.0,296.0,291.0,296.0,294.0,296.0,212.0,214.0,203.0,308.0
2026-07-24 01:00:00,300.0,304.0,302.0,289.0,309.0,314.0,298.0,297.0,299.0,302.0,303.0,299.0,277.0,287.0,299.0,293.0,298.0,299.0,278.0,314.0,273.0,302.0,282.0,204.0,217.0,218.0,221.0,235.0,211.0,210.0,226.0,,297.0,298.0,299.0,299.0,291.0,211.0,316.0,300.0,293.0,298.0,295.0,313.0,277.0,291.0,,283.0,202.0,202.0,290.0,297.0,296.0,290.0,296.0,294.0,297.0,213.0,215.0,205.0,308.0
2026-07-24 02:00:00,300.0,304.0,302.0,289.0,303.0,309.0,298.0,297.0,299.0,302.0,303.0,299.0,287.0,288.0,299.0,293.0,298.0,301.0,278.0,315.0,273.0,302.0,282.0,205.0,219.0,218.0,221.0,235.0,211.0,210.0,226.0,,297.0,298.0,300.0,300.0,292.0,211.0,315.0,290.0,293.0,298.0,293.0,313.0,280.0,292.0,,283.0,202.0,202.0,292.0,297.0,296.0,291.0,296.0,294.0,297.0,214.0,216.0,205.0,307.0
2026-07-24 03:00:00,300.0,303.0,302.0,289.0,309.0,308.0,299.0,299.0,299.0,302.0,303.0,299.0,296.0,288.0,299.0,294.0,298.0,300.0,279.0,315.0,273.0,303.0,282.0,205.0,219.0,218.0,221.0,235.0,211.0,209.0,226.0,,297.0,299.0,301.0,300.0,292.0,212.0,315.0,299.0,292.0,295.0,293.0,312.0,278.0,292.0,,283.0,203.0,203.0,291.0,298.0,292.0,291.0,297.0,295.0,296.0,215.0,216.0,204.0,306.0
2026-07-24 04:00:00,301.0,303.0,301.0,289.0,304.0,308.0,299.0,300.0,299.0,302.0,303.0,298.0,296.0,288.0,298.0,295.0,298.0,298.0,279.0,315.0,273.0,303.0,282.0,205.0,219.0,218.0,221.0,236.0,211.0,209.0,226.0,,296.0,299.0,301.0,301.0,292.0,213.0,312.0,299.0,292.0,294.0,293.0,312.0,275.0,292.0,,283.0,203.0,203.0,293.0,298.0,294.0,292.0,296.0,296.0,297.0,215.0,215.0,205.0,304.0
2026-07-24 05:00:00,301.0,302.0,301.0,288.0,303.0,307.0,285.0,299.0,302.0,303.0,303.0,298.0,291.0,290.0,296.0,296.0,298.0,298.0,280.0,307.0,273.0,305.0,282.0,206.0,219.0,218.0,220.0,236.0,211.0,208.0,225.0,,296.0,300.0,302.0,302.0,292.0,214.0,307.0,297.0,290.0,294.0,293.0,312.0,278.0,293.0,,283.0,204.0,204.0,292.0,299.0,296.0,293.0,296.0,297.0,295.0,215.0,215.0,205.0,304.0
2026-07-24 06:00:00,301.0,301.0,300.0,286.0,303.0,307.0,272.0,298.0,304.0,303.0,303.0,298.0,,290.0,296.0,296.0,298.0,297.0,280.0,307.0,273.0,305.0,282.0,206.0,219.0,218.0,220.0,235.0,211.0,208.0,225.0,,295.0,300.0,301.0,303.0,292.0,214.0,306.0,299.0,288.0,294.0,293.0,311.0,279.0,294.0,,284.0,204.0,204.0,291.0,298.0,292.0,294.0,297.0,297.0,296.0,218.0,214.0,205.0,303.0
2026-07-24 07:00:00,302.0,300.0,298.0,284.0,303.0,307.0,285.0,296.0,305.0,303.0,304.0,298.0,,291.0,296.0,296.0,299.0,297.0,281.0,307.0,273.0,305.0,282.0,206.0,220.0,218.0,220.0,236.0,210.0,208.0,225.0,,295.0,301.0,300.0,303.0,291.0,212.0,310.0,298.0,288.0,294.0,293.0,311.0,278.0,297.0,,285.0,205.0,205.0,290.0,299.0,296.0,294.0,297.0,297.0,295.0,216.0,214.0,203.0,303.0
2026-07-24 08:00:00,303.0,299.0,297.0,283.0,304.0,307.0,298.0,297.0,301.0,305.0,305.0,298.0,287.0,291.0,296.0,296.0,300.0,299.0,281.0,308.0,273.0,305.0,282.0,206.0,224.0,218.0,220.0,236.0,210.0,208.0,225.0,,294.0,302.0,301.0,303.0,292.0,213.0,310.0,296.0,288.0,294.0,293.0,310.0,281.0,296.0,,286.0,205.0,206.0,290.0,299.0,292.0,292.0,296.0,298.0,296.0,218.0,214.0,204.0,302.0
2026-07-24 09:00:00,303.0,298.0,297.0,284.0,305.0,309.0,297.0,297.0,302.0,306.0,307.0,298.0,290.0,292.0,297.0,296.0,300.0,301.0,281.0,310.0,273.0,304.0,282.0,206.0,225.0,218.0,220.0,236.0,210.0,209.0,226.0,,293.0,304.0,301.0,304.0,294.0,214.0,310.0,286.0,294.0,294.0,293.0,309.0,281.0,296.0,270.0,288.0,206.0,206.0,290.0,298.0,292.0,292.0,296.0,297.0,297.0,219.0,213.0,203.0,302.0
2026-07-24 10:00:00,304.0,299.0,297.0,284.0,307.0,314.0,296.0,297.0,302.0,306.0,308.0,299.0,290.0,291.0,299.0,296.0,301.0,299.0,282.0,311.0,274.0,302.0,283.0,206.0,225.0,218.0,220.0,236.0,211.0,209.0,226.0,206.0,293.0,302.0,301.0,303.0,295.0,214.0,310.0,292.0,301.0,294.0,293.0,308.0,281.0,297.0,267.0,289.0,206.0,207.0,288.0,297.0,294.0,295.0,296.0,297.0,298.0,220.0,212.0,201.0,303.0
2026-07-24 11:00:00,302.0,299.0,297.0,284.0,292.0,317.0,295.0,297.0,302.0,304.0,308.0,300.0,290.0,291.0,300.0,295.0,302.0,299.0,282.0,311.0,275.0,301.0,284.0,207.0,226.0,218.0,220.0,236.0,212.0,210.0,226.0,206.0,292.0,303.0,300.0,303.0,295.0,214.0,310.0,299.0,307.0,294.0,292.0,308.0,281.0,298.0,266.0,290.0,206.0,207.0,288.0,296.0,294.0,293.0,296.0,296.0,297.0,221.0,213.0,203.0,303.0
2026-07-24 12:00:00,301.0,298.0,297.0,284.0,303.0,317.0,295.0,296.0,301.0,305.0,308.0,302.0,292.0,290.0,299.0,296.0,302.0,300.0,283.0,313.0,276.0,300.0,285.0,207.0,228.0,218.0,221.0,237.0,213.0,210.0,226.0,206.0,292.0,303.0,300.0,302.0,295.0,215.0,310.0,299.0,315.0,294.0,292.0,308.0,278.0,297.0,258.0,290.0,206.0,207.0,286.0,296.0,291.0,292.0,296.0,295.0,297.0,222.0,215.0,204.0,303.0
2026-07-24 13:00:00,301.0,298.0,297.0,284.0,305.0,312.0,295.0,296.0,301.0,305.0,308.0,303.0,293.0,290.0,299.0,296.0,302.0,301.0,284.0,312.0,277.0,300.0,286.0,207.0,229.0,218.0,221.0,237.0,214.0,211.0,226.0,206.0,292.0,302.0,300.0,302.0,295.0,209.0,311.0,299.0,319.0,294.0,292.0,308.0,280.0,297.0,252.0,290.0,206.0,207.0,287.0,297.0,294.0,292.0,296.0,295.0,297.0,223.0,216.0,205.0,303.0
2026-07-24 14:00:00,301.0,298.0,298.0,284.0,305.0,314.0,294.0,296.0,301.0,305.0,308.0,303.0,295.0,290.0,299.0,296.0,301.0,299.0,284.0,317.0,278.0,299.0,286.0,207.0,229.0,218.0,222.0,237.0,214.0,211.0,227.0,206.0,292.0,301.0,300.0,302.0,294.0,208.0,312.0,299.0,325.0,294.0,293.0,307.0,279.0,296.0,288.0,290.0,206.0,207.0,286.0,297.0,294.0,292.0,296.0,294.0,297.0,224.0,217.0,207.0,303.0
2026-07-24 15:00:00,301.0,298.0,298.0,284.0,305.0,316.0,294.0,295.0,299.0,305.0,308.0,303.0,295.0,290.0,297.0,296.0,301.0,298.0,285.0,316.0,278.0,299.0,287.0,207.0,230.0,218.0,222.0,238.0,215.0,212.0,227.0,206.0,292.0,301.0,300.0,301.0,293.0,208.0,312.0,299.0,328.0,295.0,293.0,307.0,278.0,296.0,281.0,290.0,206.0,206.0,287.0,296.0,290.0,292.0,297.0,295.0,296.0,226.0,219.0,208.0,303.0
2026-07-24 16:00:00,301.0,299.0,298.0,284.0,306.0,316.0,294.0,295.0,301.0,304.0,308.0,304.0,288.0,289.0,297.0,296.0,301.0,298.0,284.0,314.0,278.0,299.0,287.0,208.0,231.0,218.0,222.0,239.0,215.0,212.0,227.0,207.0,292.0,301.0,299.0,301.0,293.0,209.0,310.0,300.0,328.0,296.0,293.0,307.0,278.0,295.0,272.0,288.0,206.0,206.0,286.0,296.0,296.0,292.0,296.0,294.0,297.0,225.0,220.0,209.0,304.0
2026-07-24 17:00:00,301.0,299.0,298.0,284.0,306.0,315.0,294.0,295.0,300.0,304.0,299.0,303.0,287.0,289.0,297.0,296.0,301.0,298.0,284.0,312.0,278.0,298.0,286.0,208.0,232.0,218.0,223.0,240.0,216.0,212.0,227.0,207.0,293.0,301.0,299.0,301.0,293.0,209.0,307.0,302.0,326.0,298.0,293.0,308.0,278.0,294.0,283.0,286.0,205.0,206.0,286.0,296.0,292.0,291.0,296.0,294.0,299.0,227.0,219.0,209.0,304.0
2026-07-24 18:00:00,301.0,299.0,298.0,284.0,305.0,315.0,295.0,295.0,300.0,303.0,297.0,302.0,282.0,289.0,297.0,295.0,301.0,297.0,282.0,311.0,277.0,298.0,285.0,209.0,230.0,217.0,223.0,240.0,216.0,212.0,228.0,207.0,293.0,301.0,300.0,300.0,292.0,210.0,305.0,304.0,326.0,299.0,293.0,308.0,278.0,295.0,279.0,285.0,205.0,205.0,287.0,296.0,297.0,291.0,296.0,296.0,298.0,225.0,222.0,209.0,304.0
2026-07-24 19:00:00,301.0,299.0,298.0,285.0,305.0,314.0,295.0,295.0,299.0,303.0,297.0,301.0,279.0,288.0,298.0,295.0,300.0,298.0,281.0,309.0,276.0,298.0,284.0,209.0,227.0,216.0,223.0,241.0,216.0,211.0,228.0,207.0,293.0,300.0,300.0,298.0,292.0,210.0,305.0,306.0,317.0,300.0,295.0,308.0,278.0,293.0,278.0,285.0,204.0,205.0,289.0,297.0,299.0,291.0,297.0,297.0,297.0,224.0,221.0,209.0,304.0
2026-07-24 20:00:00,301.0,299.0,299.0,285.0,305.0,314.0,296.0,295.0,299.0,303.0,297.0,301.0,279.0,288.0,297.0,294.0,300.0,300.0,280.0,309.0,275.0,297.0,284.0,209.0,225.0,216.0,223.0,241.0,215.0,211.0,228.0,207.0,293.0,300.0,299.0,298.0,292.0,211.0,305.0,306.0,308.0,299.0,298.0,309.0,277.0,293.0,274.0,284.0,204.0,204.0,290.0,297.0,297.0,291.0,297.0,297.0,298.0,221.0,219.0,208.0,304.0
2026-07-24 21:00:00,301.0,300.0,300.0,285.0,305.0,314.0,297.0,295.0,299.0,303.0,297.0,301.0,280.0,288.0,297.0,294.0,300.0,301.0,280.0,309.0,275.0,297.0,283.0,210.0,224.0,216.0,222.0,241.0,215.0,211.0,228.0,207.0,293.0,300.0,299.0,298.0,292.0,211.0,299.0,304.0,302.0,299.0,298.0,311.0,279.0,293.0,273.0,284.0,204.0,205.0,291.0,298.0,294.0,292.0,297.0,297.0,298.0,221.0,219.0,210.0,306.0
2026-07-24 22:00:00,300.0,302.0,301.0,286.0,305.0,313.0,298.0,295.0,299.0,303.0,298.0,300.0,281.0,288.0,297.0,294.0,299.0,302.0,280.0,309.0,274.0,297.0,283.0,210.0,223.0,216.0,222.0,240.0,215.0,212.0,228.0,207.0,294.0,300.0,299.0,298.0,292.0,211.0,296.0,304.0,299.0,299.0,298.0,313.0,280.0,293.0,263.0,284.0,204.0,205.0,289.0,299.0,296.0,292.0,297.0,297.0,297.0,220.0,219.0,208.0,307.0
2026-07-24 23:00:00,301.0,303.0,302.0,287.0,305.0,312.0,299.0,296.0,299.0,303.0,298.0,300.0,278.0,288.0,298.0,295.0,299.0,302.0,280.0,308.0,274.0,297.0,283.0,210.0,223.0,216.0,222.0,240.0,215.0,212.0,228.0,207.0,295.0,300.0,299.0,298.0,292.0,211.0,285.0,301.0,299.0,299.0,298.0,314.0,281.0,293.0,260.0,285.0,205.0,205.0,291.0,299.0,296.0,291.0,297.0,297.0,296.0,219.0,219.0,208.0,308.0
2026-07-25 00:00:00,301.0,303.0,302.0,289.0,304.0,312.0,300.0,297.0,299.0,303.0,298.0,300.0,275.0,288.0,299.0,295.0,299.0,302.0,280.0,309.0,274.0,298.0,283.0,210.0,223.0,216.0,222.0,240.0,215.0,213.0,228.0,207.0,297.0,300.0,300.0,298.0,292.0,211.0,278.0,301.0,298.0,298.0,297.0,315.0,280.0,293.0,256.0,285.0,205.0,205.0,290.0,298.0,296.0,292.0,297.0,297.0,297.0,221.0,219.0,208.0,307.0
2026-07-25 01:00:00,301.0,303.0,301.0,289.0,304.0,312.0,301.0,297.0,300.0,303.0,297.0,300.0,272.0,288.0,299.0,295.0,299.0,302.0,280.0,313.0,274.0,299.0,283.0,211.0,223.0,216.0,222.0,240.0,214.0,215.0,228.0,207.0,296.0,300.0,301.0,299.0,292.0,210.0,269.0,301.0,297.0,298.0,296.0,315.0,280.0,293.0,253.0,285.0,206.0,206.0,291.0,298.0,297.0,289.0,297.0,298.0,297.0,220.0,219.0,208.0,306.0
2026-07-25 02:00:00,301.0,302.0,301.0,289.0,305.0,312.0,301.0,298.0,300.0,303.0,296.0,300.0,,288.0,298.0,295.0,299.0,302.0,280.0,313.0,274.0,299.0,283.0,211.0,223.0,217.0,223.0,239.0,214.0,215.0,228.0,207.0,296.0,300.0,303.0,299.0,292.0,208.0,295.0,301.0,294.0,298.0,296.0,315.0,280.0,294.0,249.0,285.0,206.0,206.0,291.0,297.0,294.0,,297.0,297.0,297.0,219.0,219.0,209.0,306.0
2026-07-25 03:00:00,301.0,302.0,300.0,288.0,305.0,312.0,301.0,299.0,300.0,304.0,295.0,300.0,289.0,289.0,299.0,295.0,300.0,302.0,280.0,313.0,274.0,299.0,283.0,210.0,222.0,217.0,223.0,239.0,214.0,215.0,228.0,208.0,296.0,300.0,303.0,299.0,292.0,210.0,292.0,302.0,293.0,299.0,296.0,314.0,280.0,294.0,245.0,285.0,207.0,207.0,290.0,297.0,296.0,,297.0,297.0,297.0,218.0,219.0,209.0,305.0
2026-07-25 04:00:00,302.0,301.0,300.0,287.0,305.0,312.0,301.0,298.0,301.0,303.0,297.0,300.0,288.0,289.0,298.0,295.0,300.0,300.0,279.0,313.0,274.0,300.0,283.0,210.0,221.0,217.0,223.0,239.0,214.0,214.0,228.0,208.0,295.0,301.0,303.0,299.0,292.0,210.0,302.0,302.0,293.0,299.0,296.0,313.0,281.0,295.0,240.0,286.0,207.0,208.0,291.0,299.0,295.0,,297.0,297.0,297.0,218.0,219.0,208.0,304.0
2026-07-25 05:00:00,302.0,301.0,299.0,286.0,305.0,312.0,301.0,297.0,303.0,304.0,297.0,299.0,285.0,290.0,297.0,296.0,299.0,299.0,279.0,312.0,274.0,301.0,283.0,210.0,221.0,217.0,223.0,239.0,214.0,215.0,228.0,208.0,295.0,301.0,302.0,300.0,292.0,211.0,306.0,302.0,292.0,299.0,296.0,312.0,282.0,296.0,264.0,287.0,208.0,208.0,291.0,298.0,296.0,,297.0,297.0,298.0,218.0,218.0,207.0,303.0
2026-07-25 06:00:00,303.0,300.0,298.0,285.0,306.0,312.0,301.0,296.0,301.0,305.0,298.0,299.0,,290.0,297.0,297.0,299.0,299.0,279.0,308.0,274.0,301.0,283.0,210.0,221.0,217.0,224.0,239.0,213.0,215.0,228.0,208.0,294.0,301.0,301.0,300.0,292.0,210.0,306.0,302.0,290.0,298.0,296.0,312.0,281.0,297.0,279.0,288.0,208.0,208.0,291.0,298.0,294.0,,297.0,297.0,297.0,218.0,218.0,207.0,303.0
2026-07-25 07:00:00,304.0,299.0,298.0,285.0,306.0,312.0,300.0,296.0,302.0,306.0,301.0,299.0,,290.0,297.0,297.0,300.0,299.0,279.0,309.0,274.0,302.0,283.0,210.0,222.0,217.0,224.0,238.0,213.0,214.0,228.0,208.0,294.0,301.0,300.0,301.0,293.0,210.0,304.0,302.0,288.0,298.0,297.0,311.0,284.0,298.0,279.0,290.0,209.0,209.0,289.0,299.0,288.0,,297.0,297.0,295.0,218.0,217.0,207.0,303.0
2026-07-25 08:00:00,303.0,299.0,299.0,285.0,307.0,312.0,298.0,296.0,302.0,306.0,302.0,299.0,278.0,291.0,298.0,297.0,301.0,301.0,281.0,308.0,274.0,302.0,283.0,210.0,222.0,217.0,224.0,240.0,213.0,214.0,229.0,209.0,293.0,302.0,301.0,301.0,294.0,211.0,301.0,302.0,288.0,298.0,297.0,311.0,281.0,299.0,280.0,291.0,210.0,210.0,289.0,300.0,293.0,,297.0,297.0,296.0,218.0,216.0,208.0,304.0
2026-07-25 09:00:00,304.0,300.0,299.0,285.0,309.0,312.0,297.0,297.0,302.0,305.0,303.0,299.0,281.0,290.0,299.0,296.0,301.0,300.0,283.0,310.0,274.0,301.0,283.0,210.0,222.0,217.0,225.0,240.0,214.0,215.0,229.0,209.0,293.0,303.0,300.0,300.0,295.0,210.0,301.0,302.0,290.0,298.0,297.0,310.0,282.0,300.0,280.0,292.0,210.0,210.0,289.0,300.0,292.0,,296.0,297.0,297.0,218.0,216.0,206.0,305.0
2026-07-25 10:00:00,302.0,301.0,300.0,286.0,310.0,314.0,297.0,298.0,302.0,305.0,303.0,300.0,281.0,290.0,297.0,295.0,301.0,300.0,283.0,311.0,275.0,300.0,283.0,209.0,224.0,217.0,225.0,240.0,214.0,215.0,230.0,210.0,294.0,303.0,300.0,300.0,293.0,210.0,299.0,302.0,297.0,298.0,297.0,310.0,281.0,299.0,280.0,292.0,211.0,211.0,289.0,298.0,295.0,,296.0,297.0,298.0,219.0,216.0,205.0,306.0
2026-07-25 11:00:00,302.0,302.0,301.0,287.0,310.0,314.0,296.0,298.0,301.0,304.0,303.0,300.0,281.0,290.0,297.0,295.0,300.0,299.0,283.0,312.0,276.0,300.0,284.0,209.0,226.0,217.0,225.0,240.0,216.0,215.0,229.0,210.0,294.0,301.0,300.0,299.0,293.0,210.0,298.0,302.0,302.0,298.0,295.0,310.0,280.0,299.0,280.0,292.0,211.0,211.0,288.0,299.0,294.0,,296.0,296.0,297.0,221.0,217.0,206.0,306.0
2026-07-25 12:00:00,302.0,302.0,301.0,288.0,308.0,315.0,296.0,298.0,301.0,305.0,302.0,301.0,282.0,289.0,298.0,296.0,300.0,300.0,284.0,311.0,276.0,299.0,284.0,209.0,228.0,217.0,226.0,241.0,217.0,215.0,230.0,210.0,295.0,302.0,302.0,299.0,294.0,211.0,300.0,302.0,309.0,299.0,293.0,310.0,281.0,297.0,279.0,290.0,211.0,211.0,289.0,297.0,297.0,,296.0,295.0,297.0,223.0,219.0,206.0,306.0
2026-07-25 13:00:00,303.0,302.0,301.0,288.0,307.0,316.0,297.0,298.0,302.0,303.0,302.0,302.0,281.0,289.0,301.0,296.0,300.0,300.0,285.0,312.0,277.0,299.0,285.0,210.0,230.0,217.0,226.0,242.0,218.0,215.0,231.0,211.0,296.0,303.0,299.0,299.0,294.0,212.0,299.0,302.0,315.0,299.0,293.0,310.0,281.0,296.0,278.0,289.0,211.0,211.0,290.0,298.0,297.0,,297.0,296.0,297.0,220.0,219.0,207.0,306.0
2026-07-25 14:00:00,304.0,302.0,301.0,288.0,307.0,316.0,297.0,298.0,302.0,299.0,302.0,302.0,281.0,289.0,301.0,296.0,301.0,300.0,287.0,311.0,277.0,299.0,285.0,210.0,231.0,217.0,226.0,242.0,219.0,215.0,232.0,211.0,296.0,303.0,300.0,300.0,294.0,212.0,295.0,303.0,320.0,299.0,293.0,309.0,281.0,296.0,278.0,288.0,210.0,211.0,291.0,299.0,297.0,,296.0,296.0,297.0,219.0,221.0,210.0,306.0
2026-07-25 15:00:00,304.0,302.0,301.0,288.0,307.0,316.0,297.0,298.0,302.0,299.0,302.0,302.0,283.0,289.0,302.0,296.0,301.0,300.0,287.0,313.0,278.0,299.0,287.0,210.0,230.0,217.0,226.0,243.0,220.0,215.0,232.0,211.0,296.0,302.0,300.0,300.0,294.0,213.0,292.0,306.0,322.0,299.0,293.0,309.0,281.0,295.0,277.0,287.0,210.0,210.0,290.0,299.0,299.0,,297.0,296.0,297.0,219.0,222.0,212.0,306.0
2026-07-25 16:00:00,304.0,302.0,301.0,288.0,308.0,316.0,297.0,298.0,302.0,299.0,302.0,302.0,285.0,290.0,300.0,297.0,301.0,300.0,286.0,313.0,278.0,299.0,287.0,211.0,228.0,217.0,227.0,244.0,221.0,215.0,232.0,211.0,296.0,303.0,301.0,300.0,295.0,213.0,292.0,307.0,322.0,300.0,294.0,310.0,281.0,295.0,275.0,287.0,210.0,210.0,290.0,299.0,299.0,,297.0,297.0,298.0,220.0,224.0,212.0,307.0
2026-07-25 17:00:00,304.0,302.0,301.0,288.0,309.0,315.0,297.0,298.0,302.0,300.0,303.0,301.0,284.0,290.0,299.0,297.0,301.0,300.0,285.0,312.0,278.0,299.0,286.0,212.0,227.0,216.0,227.0,244.0,221.0,214.0,232.0,211.0,296.0,303.0,301.0,301.0,294.0,214.0,296.0,308.0,321.0,301.0,296.0,310.0,280.0,295.0,274.0,286.0,209.0,209.0,290.0,299.0,296.0,,297.0,297.0,297.0,222.0,226.0,213.0,306.0
2026-07-25 18:00:00,303.0,302.0,301.0,287.0,309.0,314.0,297.0,298.0,302.0,301.0,302.0,300.0,278.0,290.0,300.0,297.0,301.0,299.0,284.0,311.0,277.0,299.0,285.0,212.0,226.0,216.0,227.0,245.0,221.0,214.0,232.0,211.0,296.0,303.0,300.0,300.0,294.0,214.0,304.0,308.0,313.0,301.0,298.0,311.0,280.0,296.0,273.0,286.0,208.0,209.0,292.0,301.0,299.0,,299.0,298.0,299.0,226.0,224.0,214.0,306.0
2026-07-25 19:00:00,303.0,302.0,301.0,287.0,309.0,314.0,298.0,298.0,302.0,301.0,302.0,300.0,277.0,289.0,299.0,296.0,301.0,298.0,282.0,310.0,276.0,298.0,284.0,213.0,227.0,215.0,227.0,245.0,221.0,214.0,232.0,211.0,296.0,303.0,299.0,300.0,293.0,215.0,304.0,309.0,308.0,301.0,298.0,312.0,280.0,296.0,272.0,287.0,208.0,208.0,293.0,301.0,297.0,,299.0,299.0,299.0,225.0,225.0,210.0,307.0
2026-07-25 20:00:00,303.0,303.0,302.0,288.0,309.0,314.0,299.0,298.0,303.0,301.0,303.0,300.0,277.0,289.0,299.0,296.0,301.0,299.0,281.0,310.0,275.0,298.0,284.0,213.0,227.0,215.0,227.0,245.0,220.0,214.0,232.0,211.0,296.0,303.0,300.0,300.0,294.0,216.0,322.0,309.0,304.0,301.0,298.0,313.0,280.0,295.0,271.0,286.0,208.0,209.0,293.0,301.0,297.0,,298.0,299.0,298.0,224.0,224.0,212.0,308.0
2026-07-25 21:00:00,303.0,304.0,303.0,289.0,309.0,313.0,300.0,298.0,303.0,301.0,303.0,301.0,277.0,290.0,298.0,296.0,300.0,301.0,281.0,311.0,275.0,298.0,284.0,214.0,227.0,215.0,226.0,246.0,220.0,214.0,232.0,211.0,297.0,303.0,300.0,300.0,294.0,216.0,320.0,308.0,304.0,301.0,298.0,314.0,280.0,296.0,274.0,287.0,208.0,209.0,293.0,301.0,299.0,,299.0,299.0,296.0,223.0,224.0,213.0,309.0
2026-07-25 22:00:00,303.0,305.0,304.0,290.0,308.0,313.0,300.0,299.0,304.0,301.0,303.0,301.0,277.0,290.0,297.0,,300.0,301.0,281.0,311.0,276.0,298.0,284.0,214.0,227.0,215.0,226.0,245.0,220.0,215.0,232.0,212.0,298.0,303.0,301.0,300.0,294.0,216.0,318.0,307.0,303.0,299.0,298.0,314.0,280.0,295.0,274.0,287.0,209.0,209.0,293.0,301.0,298.0,,298.0,298.0,297.0,224.0,224.0,212.0,310.0
2026-07-25 23:00:00,304.0,306.0,305.0,291.0,308.0,313.0,301.0,299.0,304.0,301.0,304.0,301.0,278.0,290.0,297.0,,300.0,301.0,281.0,310.0,277.0,298.0,285.0,214.0,227.0,215.0,226.0,245.0,219.0,216.0,232.0,212.0,299.0,303.0,301.0,300.0,294.0,216.0,317.0,307.0,303.0,299.0,298.0,315.0,280.0,295.0,274.0,287.0,210.0,210.0,293.0,301.0,296.0,,298.0,298.0,298.0,224.0,223.0,213.0,310.0
2026-07-26 00:00:00,305.0,306.0,305.0,291.0,308.0,313.0,301.0,300.0,303.0,301.0,304.0,302.0,280.0,290.0,297.0,296.0,300.0,300.0,281.0,309.0,277.0,298.0,285.0,214.0,227.0,215.0,226.0,245.0,219.0,218.0,232.0,212.0,299.0,303.0,302.0,300.0,295.0,216.0,317.0,307.0,303.0,299.0,298.0,314.0,281.0,295.0,273.0,287.0,210.0,210.0,293.0,301.0,298.0,,299.0,297.0,298.0,223.0,223.0,211.0,310.0
2026-07-26 01:00:00,305.0,305.0,304.0,291.0,308.0,313.0,301.0,300.0,,301.0,304.0,302.0,286.0,291.0,298.0,296.0,300.0,301.0,281.0,311.0,277.0,299.0,286.0,215.0,227.0,215.0,226.0,245.0,219.0,218.0,232.0,212.0,299.0,301.0,304.0,301.0,295.0,216.0,311.0,307.0,303.0,299.0,298.0,313.0,281.0,296.0,273.0,288.0,211.0,211.0,293.0,301.0,299.0,,299.0,298.0,299.0,224.0,223.0,212.0,309.0
2026-07-26 02:00:00,306.0,305.0,304.0,291.0,308.0,313.0,301.0,302.0,,301.0,304.0,302.0,283.0,291.0,298.0,296.0,300.0,302.0,281.0,313.0,277.0,300.0,286.0,214.0,227.0,216.0,226.0,244.0,219.0,219.0,233.0,213.0,299.0,301.0,306.0,301.0,295.0,211.0,304.0,307.0,303.0,299.0,298.0,313.0,282.0,296.0,273.0,288.0,211.0,212.0,293.0,301.0,300.0,,298.0,299.0,298.0,223.0,223.0,213.0,308.0
2026-07-26 03:00:00,306.0,304.0,303.0,290.0,308.0,313.0,301.0,302.0,303.0,301.0,303.0,302.0,293.0,291.0,297.0,297.0,300.0,300.0,281.0,313.0,277.0,300.0,286.0,214.0,227.0,215.0,226.0,244.0,218.0,219.0,233.0,213.0,299.0,302.0,306.0,301.0,295.0,213.0,299.0,307.0,301.0,299.0,298.0,312.0,282.0,297.0,273.0,289.0,212.0,212.0,293.0,301.0,299.0,,299.0,299.0,298.0,223.0,223.0,210.0,307.0
2026-07-26 04:00:00,306.0,304.0,303.0,289.0,309.0,313.0,300.0,301.0,303.0,302.0,303.0,302.0,293.0,292.0,297.0,297.0,300.0,299.0,281.0,313.0,277.0,300.0,286.0,214.0,227.0,215.0,226.0,243.0,218.0,218.0,233.0,213.0,298.0,302.0,306.0,302.0,295.0,214.0,307.0,307.0,299.0,299.0,298.0,312.0,282.0,298.0,272.0,289.0,213.0,213.0,294.0,302.0,299.0,,298.0,299.0,299.0,223.0,223.0,213.0,307.0
2026-07-26 05:00:00,306.0,304.0,302.0,289.0,310.0,313.0,300.0,300.0,305.0,302.0,303.0,302.0,288.0,292.0,299.0,297.0,300.0,300.0,281.0,312.0,277.0,301.0,286.0,214.0,227.0,215.0,226.0,243.0,218.0,218.0,233.0,212.0,298.0,303.0,305.0,303.0,295.0,214.0,302.0,307.0,299.0,299.0,298.0,312.0,282.0,298.0,272.0,290.0,213.0,213.0,295.0,302.0,299.0,,298.0,299.0,300.0,223.0,223.0,211.0,306.0
2026-07-26 06:00:00,306.0,303.0,302.0,288.0,310.0,313.0,300.0,300.0,304.0,302.0,303.0,301.0,,292.0,299.0,298.0,300.0,300.0,281.0,312.0,277.0,301.0,286.0,213.0,227.0,216.0,227.0,243.0,218.0,219.0,234.0,212.0,297.0,304.0,303.0,303.0,295.0,214.0,306.0,307.0,297.0,299.0,298.0,312.0,282.0,299.0,273.0,291.0,213.0,213.0,294.0,302.0,295.0,,298.0,299.0,298.0,227.0,223.0,210.0,306.0
2026-07-26 07:00:00,307.0,303.0,301.0,288.0,311.0,313.0,299.0,299.0,305.0,303.0,304.0,301.0,,292.0,299.0,298.0,300.0,300.0,281.0,312.0,277.0,302.0,286.0,213.0,227.0,216.0,228.0,244.0,218.0,219.0,234.0,212.0,297.0,305.0,303.0,303.0,294.0,214.0,319.0,307.0,297.0,299.0,298.0,313.0,282.0,299.0,273.0,291.0,214.0,214.0,293.0,300.0,294.0,,297.0,299.0,299.0,228.0,223.0,209.0,306.0
2026-07-26 08:00:00,307.0,302.0,302.0,288.0,311.0,313.0,298.0,299.0,304.0,304.0,305.0,301.0,280.0,292.0,299.0,298.0,301.0,300.0,283.0,312.0,277.0,301.0,286.0,213.0,232.0,216.0,228.0,246.0,218.0,219.0,235.0,213.0,296.0,305.0,302.0,303.0,295.0,214.0,319.0,307.0,297.0,299.0,298.0,313.0,281.0,300.0,274.0,292.0,214.0,214.0,293.0,299.0,294.0,,297.0,299.0,300.0,228.0,223.0,210.0,307.0
2026-07-26 09:00:00,307.0,303.0,302.0,288.0,312.0,314.0,299.0,300.0,304.0,303.0,306.0,301.0,283.0,293.0,299.0,297.0,302.0,301.0,283.0,313.0,277.0,301.0,286.0,213.0,234.0,216.0,227.0,246.0,219.0,219.0,235.0,213.0,296.0,306.0,302.0,303.0,297.0,214.0,319.0,307.0,298.0,299.0,298.0,313.0,282.0,300.0,274.0,291.0,214.0,214.0,293.0,299.0,297.0,,297.0,298.0,300.0,228.0,221.0,210.0,308.0
2026-07-26 10:00:00,305.0,304.0,303.0,289.0,312.0,315.0,299.0,300.0,305.0,303.0,306.0,302.0,283.0,293.0,299.0,297.0,302.0,301.0,284.0,314.0,277.0,300.0,286.0,213.0,234.0,216.0,227.0,245.0,220.0,219.0,235.0,213.0,297.0,305.0,302.0,303.0,298.0,214.0,318.0,307.0,301.0,299.0,298.0,314.0,282.0,299.0,273.0,290.0,214.0,214.0,291.0,299.0,298.0,,297.0,298.0,298.0,228.0,222.0,210.0,308.0
2026-07-26 11:00:00,305.0,304.0,303.0,289.0,312.0,315.0,299.0,300.0,304.0,303.0,307.0,302.0,284.0,292.0,299.0,298.0,302.0,302.0,284.0,315.0,278.0,300.0,287.0,213.0,233.0,217.0,227.0,246.0,221.0,219.0,235.0,213.0,297.0,304.0,303.0,302.0,297.0,215.0,316.0,307.0,305.0,299.0,298.0,314.0,281.0,298.0,273.0,289.0,214.0,214.0,291.0,300.0,296.0,,297.0,297.0,299.0,228.0,223.0,211.0,308.0
2026-07-26 12:00:00,306.0,304.0,303.0,290.0,311.0,316.0,300.0,300.0,304.0,302.0,306.0,304.0,285.0,292.0,299.0,298.0,302.0,302.0,285.0,315.0,279.0,300.0,288.0,214.0,235.0,217.0,228.0,247.0,223.0,219.0,236.0,214.0,298.0,305.0,303.0,302.0,297.0,216.0,313.0,307.0,311.0,299.0,298.0,314.0,281.0,297.0,272.0,288.0,214.0,213.0,291.0,301.0,297.0,,297.0,297.0,300.0,229.0,224.0,211.0,308.0
2026-07-26 13:00:00,306.0,304.0,303.0,291.0,310.0,316.0,300.0,300.0,304.0,302.0,305.0,304.0,284.0,292.0,299.0,298.0,301.0,302.0,286.0,314.0,279.0,301.0,288.0,214.0,235.0,217.0,228.0,247.0,223.0,219.0,237.0,214.0,298.0,305.0,304.0,302.0,297.0,216.0,313.0,307.0,314.0,300.0,298.0,314.0,282.0,297.0,272.0,288.0,213.0,212.0,291.0,301.0,297.0,,297.0,297.0,300.0,231.0,225.0,213.0,308.0
2026-07-26 14:00:00,306.0,304.0,303.0,293.0,310.0,316.0,300.0,301.0,304.0,303.0,305.0,304.0,284.0,292.0,300.0,298.0,301.0,301.0,287.0,314.0,280.0,301.0,289.0,215.0,237.0,217.0,229.0,248.0,224.0,219.0,237.0,215.0,298.0,305.0,304.0,302.0,296.0,217.0,313.0,308.0,315.0,301.0,298.0,313.0,281.0,297.0,271.0,288.0,212.0,212.0,293.0,302.0,298.0,,297.0,297.0,300.0,232.0,226.0,214.0,308.0
2026-07-26 15:00:00,306.0,304.0,303.0,295.0,310.0,316.0,300.0,301.0,304.0,303.0,305.0,304.0,286.0,292.0,301.0,298.0,301.0,301.0,287.0,315.0,279.0,301.0,289.0,215.0,238.0,217.0,229.0,248.0,224.0,219.0,237.0,215.0,298.0,305.0,305.0,302.0,296.0,217.0,313.0,311.0,316.0,304.0,298.0,313.0,277.0,297.0,270.0,288.0,211.0,211.0,292.0,301.0,297.0,,298.0,297.0,298.0,231.0,227.0,215.0,308.0
2026-07-26 16:00:00,306.0,304.0,303.0,297.0,311.0,316.0,300.0,301.0,304.0,303.0,306.0,305.0,288.0,293.0,302.0,298.0,301.0,301.0,286.0,315.0,279.0,301.0,289.0,216.0,239.0,217.0,229.0,248.0,224.0,219.0,236.0,215.0,298.0,305.0,305.0,303.0,295.0,218.0,309.0,312.0,317.0,305.0,299.0,313.0,280.0,296.0,268.0,288.0,211.0,210.0,294.0,301.0,301.0,,299.0,298.0,300.0,229.0,228.0,217.0,309.0
2026-07-26 17:00:00,306.0,304.0,304.0,298.0,311.0,315.0,300.0,301.0,304.0,303.0,306.0,304.0,288.0,293.0,301.0,298.0,301.0,301.0,287.0,315.0,279.0,301.0,288.0,217.0,235.0,217.0,231.0,249.0,224.0,219.0,237.0,215.0,298.0,305.0,305.0,303.0,296.0,219.0,306.0,312.0,317.0,306.0,301.0,314.0,279.0,297.0,265.0,289.0,211.0,210.0,294.0,301.0,301.0,,298.0,298.0,300.0,228.0,226.0,217.0,310.0
2026-07-26 18:00:00,306.0,305.0,305.0,298.0,311.0,315.0,300.0,301.0,304.0,303.0,306.0,304.0,285.0,293.0,301.0,298.0,302.0,301.0,286.0,314.0,279.0,301.0,288.0,217.0,232.0,217.0,230.0,249.0,224.0,219.0,237.0,215.0,299.0,306.0,305.0,303.0,296.0,219.0,304.0,313.0,317.0,306.0,303.0,314.0,280.0,297.0,263.0,290.0,210.0,210.0,293.0,301.0,301.0,,299.0,299.0,300.0,227.0,228.0,218.0,311.0
2026-07-26 19:00:00,306.0,306.0,306.0,292.0,311.0,315.0,301.0,301.0,304.0,303.0,305.0,303.0,282.0,293.0,301.0,298.0,302.0,300.0,285.0,313.0,278.0,301.0,288.0,218.0,231.0,217.0,231.0,249.0,223.0,219.0,237.0,215.0,299.0,306.0,305.0,303.0,296.0,219.0,311.0,313.0,315.0,306.0,304.0,315.0,281.0,298.0,269.0,290.0,211.0,210.0,295.0,303.0,301.0,,299.0,299.0,301.0,228.0,226.0,216.0,312.0
2026-07-26 20:00:00,306.0,308.0,308.0,293.0,311.0,315.0,302.0,301.0,304.0,303.0,305.0,303.0,282.0,293.0,301.0,298.0,302.0,300.0,285.0,313.0,278.0,301.0,287.0,218.0,230.0,216.0,231.0,249.0,222.0,219.0,238.0,215.0,300.0,306.0,305.0,303.0,296.0,219.0,326.0,313.0,314.0,305.0,304.0,316.0,281.0,298.0,269.0,290.0,211.0,210.0,296.0,303.0,303.0,,300.0,300.0,302.0,228.0,226.0,218.0,313.0
2026-07-26 21:00:00,306.0,309.0,309.0,294.0,310.0,315.0,303.0,301.0,304.0,303.0,305.0,302.0,283.0,293.0,301.0,298.0,302.0,300.0,283.0,313.0,278.0,301.0,287.0,218.0,230.0,216.0,231.0,248.0,221.0,220.0,238.0,216.0,301.0,305.0,306.0,303.0,296.0,219.0,325.0,312.0,310.0,305.0,304.0,317.0,282.0,298.0,269.0,291.0,212.0,211.0,296.0,305.0,299.0,,299.0,301.0,303.0,228.0,225.0,215.0,314.0
2026-07-26 22:00:00,306.0,310.0,309.0,295.0,310.0,315.0,303.0,302.0,305.0,303.0,305.0,302.0,282.0,293.0,301.0,298.0,302.0,300.0,283.0,313.0,278.0,301.0,287.0,218.0,229.0,216.0,232.0,247.0,220.0,221.0,238.0,216.0,303.0,305.0,307.0,303.0,296.0,218.0,325.0,312.0,309.0,305.0,304.0,317.0,281.0,298.0,269.0,291.0,213.0,212.0,297.0,305.0,301.0,,299.0,301.0,303.0,227.0,224.0,216.0,315.0
2026-07-26 23:00:00,308.0,310.0,309.0,295.0,310.0,315.0,303.0,303.0,305.0,304.0,305.0,303.0,280.0,293.0,301.0,298.0,302.0,300.0,283.0,313.0,278.0,301.0,287.0,218.0,229.0,216.0,232.0,246.0,219.0,221.0,238.0,216.0,303.0,306.0,308.0,304.0,296.0,218.0,324.0,312.0,306.0,305.0,304.0,316.0,283.0,298.0,270.0,291.0,214.0,213.0,297.0,305.0,303.0,,301.0,301.0,303.0,226.0,224.0,213.0,314.0
2026-07-27 00:00:00,310.0,310.0,309.0,295.0,311.0,316.0,303.0,304.0,304.0,306.0,305.0,303.0,282.0,293.0,300.0,299.0,303.0,300.0,283.0,311.0,279.0,302.0,288.0,217.0,229.0,216.0,232.0,246.0,219.0,223.0,238.0,217.0,303.0,306.0,309.0,304.0,296.0,218.0,318.0,312.0,304.0,305.0,303.0,316.0,283.0,298.0,270.0,290.0,215.0,214.0,296.0,306.0,305.0,,301.0,301.0,303.0,225.0,225.0,214.0,314.0
2026-07-27 01:00:00,310.0,309.0,308.0,295.0,311.0,316.0,303.0,304.0,305.0,306.0,305.0,303.0,285.0,294.0,301.0,299.0,303.0,301.0,283.0,311.0,279.0,302.0,288.0,217.0,229.0,216.0,232.0,245.0,219.0,223.0,238.0,217.0,303.0,306.0,309.0,304.0,296.0,217.0,315.0,312.0,303.0,303.0,302.0,316.0,283.0,298.0,270.0,290.0,216.0,215.0,297.0,307.0,305.0,,302.0,302.0,303.0,224.0,224.0,211.0,313.0
2026-07-27 02:00:00,310.0,309.0,308.0,295.0,312.0,316.0,303.0,305.0,305.0,307.0,305.0,304.0,296.0,295.0,300.0,300.0,303.0,302.0,283.0,312.0,279.0,302.0,288.0,216.0,228.0,216.0,232.0,245.0,219.0,223.0,238.0,217.0,303.0,306.0,309.0,305.0,296.0,214.0,314.0,311.0,299.0,303.0,299.0,316.0,283.0,299.0,270.0,291.0,217.0,216.0,298.0,307.0,304.0,,304.0,303.0,302.0,223.0,225.0,211.0,313.0
2026-07-27 03:00:00,310.0,309.0,308.0,294.0,313.0,317.0,303.0,305.0,305.0,307.0,305.0,304.0,295.0,295.0,300.0,301.0,303.0,301.0,283.0,312.0,279.0,302.0,288.0,216.0,228.0,216.0,232.0,245.0,219.0,223.0,238.0,217.0,303.0,307.0,310.0,306.0,296.0,217.0,310.0,311.0,298.0,303.0,298.0,315.0,283.0,299.0,270.0,291.0,217.0,216.0,297.0,307.0,305.0,,304.0,303.0,304.0,225.0,225.0,213.0,312.0
2026-07-27 04:00:00,310.0,308.0,307.0,294.0,314.0,317.0,302.0,305.0,307.0,307.0,306.0,304.0,296.0,296.0,300.0,302.0,304.0,301.0,286.0,313.0,279.0,303.0,288.0,215.0,228.0,216.0,233.0,245.0,219.0,222.0,239.0,217.0,302.0,307.0,310.0,307.0,296.0,216.0,310.0,311.0,294.0,303.0,298.0,315.0,283.0,300.0,270.0,292.0,218.0,217.0,297.0,307.0,303.0,,304.0,303.0,304.0,224.0,224.0,211.0,311.0
2026-07-27 05:00:00,311.0,308.0,307.0,293.0,315.0,317.0,302.0,305.0,309.0,308.0,306.0,304.0,292.0,296.0,299.0,302.0,304.0,300.0,286.0,314.0,279.0,303.0,288.0,215.0,228.0,216.0,233.0,245.0,219.0,222.0,239.0,217.0,302.0,308.0,310.0,308.0,297.0,215.0,314.0,311.0,293.0,303.0,298.0,315.0,282.0,300.0,270.0,293.0,218.0,217.0,298.0,307.0,301.0,,304.0,303.0,304.0,225.0,225.0,212.0,310.0
2026-07-27 06:00:00,311.0,308.0,306.0,292.0,316.0,317.0,302.0,304.0,309.0,308.0,307.0,304.0,276.0,298.0,300.0,303.0,304.0,300.0,287.0,314.0,279.0,304.0,288.0,214.0,228.0,216.0,233.0,245.0,219.0,222.0,239.0,217.0,302.0,309.0,307.0,308.0,297.0,215.0,314.0,311.0,293.0,299.0,298.0,315.0,282.0,301.0,270.0,294.0,218.0,217.0,297.0,307.0,297.0,,304.0,304.0,302.0,225.0,225.0,212.0,310.0
2026-07-27 07:00:00,311.0,307.0,305.0,291.0,316.0,317.0,299.0,302.0,309.0,307.0,307.0,304.0,275.0,298.0,300.0,303.0,306.0,302.0,287.0,314.0,279.0,304.0,288.0,214.0,228.0,216.0,234.0,248.0,220.0,222.0,240.0,217.0,301.0,309.0,306.0,308.0,298.0,216.0,314.0,311.0,293.0,299.0,298.0,316.0,285.0,302.0,271.0,294.0,218.0,217.0,297.0,308.0,299.0,,304.0,305.0,302.0,224.0,224.0,213.0,309.0
2026-07-27 08:00:00,311.0,306.0,304.0,290.0,316.0,318.0,302.0,304.0,309.0,306.0,309.0,304.0,286.0,298.0,301.0,303.0,307.0,301.0,287.0,315.0,279.0,304.0,288.0,214.0,229.0,216.0,234.0,251.0,221.0,222.0,240.0,217.0,300.0,310.0,308.0,308.0,300.0,216.0,307.0,311.0,293.0,299.0,298.0,316.0,282.0,302.0,271.0,294.0,218.0,218.0,297.0,308.0,300.0,,304.0,304.0,304.0,226.0,224.0,213.0,309.0
2026-07-27 09:00:00,311.0,305.0,304.0,290.0,317.0,318.0,302.0,304.0,309.0,308.0,310.0,304.0,289.0,297.0,300.0,303.0,307.0,302.0,288.0,317.0,280.0,303.0,288.0,215.0,228.0,217.0,234.0,249.0,222.0,222.0,240.0,217.0,300.0,311.0,307.0,308.0,302.0,216.0,299.0,311.0,295.0,299.0,298.0,316.0,283.0,301.0,270.0,294.0,218.0,217.0,296.0,307.0,299.0,,303.0,303.0,305.0,226.0,225.0,211.0,310.0
2026-07-27 10:00:00,310.0,305.0,304.0,290.0,317.0,319.0,302.0,304.0,308.0,308.0,310.0,305.0,288.0,297.0,300.0,303.0,308.0,302.0,288.0,317.0,281.0,303.0,288.0,216.0,231.0,217.0,235.0,249.0,224.0,222.0,241.0,218.0,299.0,309.0,307.0,308.0,302.0,216.0,303.0,311.0,301.0,299.0,298.0,316.0,283.0,301.0,270.0,293.0,218.0,217.0,295.0,306.0,298.0,,304.0,303.0,305.0,229.0,227.0,213.0,310.0
2026-07-27 11:00:00,309.0,306.0,305.0,290.0,316.0,319.0,302.0,303.0,308.0,308.0,310.0,306.0,287.0,296.0,301.0,302.0,308.0,303.0,289.0,317.0,282.0,303.0,290.0,216.0,233.0,217.0,235.0,250.0,225.0,222.0,241.0,218.0,299.0,309.0,307.0,307.0,302.0,218.0,299.0,311.0,306.0,299.0,298.0,316.0,283.0,300.0,270.0,292.0,218.0,217.0,295.0,304.0,301.0,297.0,304.0,302.0,304.0,233.0,227.0,215.0,310.0
2026-07-27 12:00:00,308.0,306.0,305.0,291.0,315.0,319.0,302.0,303.0,308.0,307.0,309.0,307.0,288.0,296.0,301.0,302.0,308.0,303.0,289.0,314.0,283.0,303.0,291.0,217.0,235.0,217.0,235.0,250.0,226.0,221.0,241.0,219.0,299.0,310.0,307.0,306.0,301.0,219.0,308.0,312.0,313.0,300.0,297.0,316.0,282.0,299.0,268.0,292.0,217.0,216.0,294.0,303.0,300.0,299.0,302.0,301.0,305.0,234.0,227.0,214.0,310.0
2026-07-27 13:00:00,308.0,310.0,305.0,291.0,314.0,319.0,302.0,302.0,307.0,307.0,309.0,308.0,288.0,296.0,301.0,302.0,308.0,303.0,290.0,314.0,283.0,303.0,291.0,218.0,238.0,217.0,235.0,251.0,227.0,221.0,241.0,219.0,300.0,309.0,307.0,306.0,301.0,219.0,319.0,312.0,317.0,301.0,297.0,316.0,283.0,298.0,267.0,291.0,216.0,216.0,294.0,303.0,301.0,299.0,303.0,301.0,305.0,233.0,228.0,216.0,310.0
2026-07-27 14:00:00,308.0,311.0,305.0,291.0,313.0,319.0,302.0,302.0,307.0,306.0,309.0,309.0,291.0,296.0,303.0,302.0,308.0,303.0,291.0,314.0,284.0,303.0,293.0,218.0,241.0,218.0,237.0,251.0,227.0,221.0,240.0,218.0,300.0,308.0,307.0,306.0,300.0,220.0,319.0,312.0,317.0,301.0,298.0,315.0,282.0,298.0,265.0,291.0,216.0,215.0,294.0,303.0,303.0,299.0,303.0,299.0,305.0,234.0,228.0,218.0,310.0
2026-07-27 15:00:00,308.0,306.0,305.0,291.0,312.0,319.0,302.0,302.0,307.0,305.0,309.0,309.0,291.0,295.0,304.0,302.0,308.0,303.0,291.0,315.0,284.0,303.0,293.0,219.0,242.0,218.0,237.0,252.0,227.0,221.0,240.0,218.0,300.0,308.0,307.0,305.0,300.0,220.0,319.0,312.0,317.0,301.0,298.0,315.0,283.0,298.0,263.0,291.0,215.0,215.0,294.0,303.0,301.0,299.0,304.0,300.0,304.0,236.0,230.0,219.0,310.0
2026-07-27 16:00:00,308.0,306.0,305.0,291.0,312.0,318.0,302.0,302.0,308.0,305.0,308.0,309.0,292.0,295.0,302.0,302.0,308.0,303.0,289.0,317.0,284.0,303.0,292.0,219.0,242.0,217.0,237.0,252.0,227.0,220.0,240.0,218.0,300.0,308.0,307.0,305.0,300.0,221.0,318.0,312.0,317.0,305.0,298.0,316.0,283.0,299.0,262.0,291.0,215.0,213.0,295.0,303.0,300.0,299.0,304.0,301.0,306.0,236.0,232.0,220.0,311.0
2026-07-27 17:00:00,308.0,306.0,305.0,291.0,312.0,317.0,302.0,302.0,307.0,306.0,307.0,308.0,292.0,295.0,301.0,301.0,307.0,303.0,286.0,318.0,284.0,303.0,291.0,219.0,242.0,216.0,236.0,251.0,226.0,219.0,239.0,218.0,300.0,307.0,307.0,305.0,299.0,220.0,315.0,312.0,303.0,303.0,298.0,318.0,284.0,,271.0,291.0,214.0,213.0,297.0,306.0,297.0,297.0,305.0,302.0,304.0,235.0,229.0,218.0,311.0
2026-07-27 18:00:00,308.0,306.0,305.0,291.0,311.0,317.0,303.0,302.0,306.0,306.0,306.0,308.0,289.0,294.0,301.0,301.0,306.0,304.0,284.0,317.0,283.0,303.0,291.0,220.0,239.0,216.0,235.0,252.0,226.0,219.0,238.0,218.0,300.0,307.0,306.0,305.0,299.0,220.0,238.0,312.0,297.0,304.0,300.0,317.0,284.0,299.0,288.0,291.0,214.0,213.0,296.0,306.0,296.0,297.0,304.0,303.0,304.0,233.0,228.0,218.0,310.0
2026-07-27 19:00:00,308.0,306.0,305.0,291.0,311.0,317.0,304.0,302.0,307.0,306.0,307.0,307.0,286.0,294.0,301.0,301.0,306.0,305.0,283.0,316.0,283.0,303.0,290.0,220.0,237.0,217.0,235.0,252.0,226.0,219.0,238.0,218.0,300.0,307.0,306.0,305.0,298.0,221.0,323.0,312.0,297.0,305.0,300.0,319.0,284.0,299.0,287.0,291.0,213.0,212.0,294.0,306.0,294.0,297.0,304.0,303.0,304.0,230.0,226.0,217.0,311.0
2026-07-27 20:00:00,308.0,306.0,305.0,292.0,312.0,316.0,304.0,302.0,308.0,306.0,307.0,307.0,287.0,294.0,302.0,300.0,306.0,303.0,283.0,316.0,282.0,303.0,291.0,221.0,233.0,217.0,236.0,252.0,225.0,220.0,239.0,218.0,300.0,307.0,306.0,305.0,299.0,222.0,323.0,312.0,293.0,304.0,300.0,320.0,284.0,299.0,286.0,291.0,212.0,211.0,295.0,306.0,298.0,298.0,305.0,303.0,303.0,230.0,226.0,219.0,311.0
2026-07-27 21:00:00,308.0,307.0,305.0,292.0,312.0,316.0,306.0,302.0,308.0,306.0,307.0,306.0,287.0,294.0,304.0,301.0,306.0,301.0,284.0,314.0,281.0,303.0,292.0,221.0,233.0,217.0,236.0,251.0,224.0,221.0,239.0,218.0,300.0,307.0,306.0,305.0,299.0,221.0,323.0,312.0,293.0,303.0,300.0,320.0,283.0,299.0,292.0,291.0,212.0,210.0,296.0,305.0,297.0,298.0,305.0,303.0,304.0,230.0,227.0,219.0,311.0
2026-07-27 22:00:00,308.0,307.0,306.0,292.0,312.0,316.0,306.0,302.0,308.0,306.0,307.0,306.0,288.0,294.0,305.0,301.0,306.0,302.0,284.0,314.0,280.0,303.0,291.0,221.0,233.0,217.0,236.0,251.0,224.0,222.0,239.0,218.0,300.0,307.0,306.0,305.0,299.0,221.0,320.0,312.0,293.0,303.0,300.0,319.0,283.0,299.0,291.0,291.0,212.0,210.0,294.0,305.0,299.0,297.0,303.0,303.0,305.0,230.0,227.0,217.0,311.0
2026-07-27 23:00:00,309.0,307.0,306.0,292.0,312.0,316.0,306.0,303.0,308.0,306.0,307.0,306.0,286.0,295.0,305.0,301.0,306.0,302.0,284.0,316.0,280.0,304.0,291.0,221.0,233.0,217.0,236.0,250.0,223.0,223.0,239.0,219.0,301.0,307.0,306.0,305.0,299.0,222.0,315.0,312.0,293.0,303.0,300.0,318.0,284.0,299.0,292.0,291.0,213.0,211.0,295.0,305.0,297.0,297.0,306.0,303.0,304.0,230.0,227.0,216.0,311.0
2026-07-28 00:00:00,309.0,307.0,306.0,292.0,312.0,316.0,305.0,303.0,306.0,307.0,308.0,306.0,283.0,295.0,305.0,301.0,306.0,302.0,284.0,318.0,281.0,304.0,291.0,220.0,232.0,217.0,236.0,250.0,223.0,223.0,239.0,219.0,301.0,307.0,307.0,306.0,299.0,221.0,306.0,312.0,293.0,303.0,298.0,316.0,283.0,299.0,291.0,292.0,214.0,212.0,295.0,305.0,298.0,298.0,306.0,304.0,304.0,230.0,228.0,217.0,311.0
2026-07-28 01:00:00,309.0,307.0,306.0,293.0,312.0,317.0,305.0,,306.0,310.0,308.0,306.0,282.0,,306.0,301.0,306.0,303.0,284.0,318.0,280.0,304.0,291.0,220.0,232.0,217.0,236.0,250.0,223.0,223.0,240.0,220.0,301.0,307.0,307.0,305.0,299.0,219.0,304.0,312.0,293.0,303.0,298.0,315.0,284.0,300.0,291.0,293.0,214.0,213.0,297.0,304.0,297.0,297.0,305.0,304.0,305.0,230.0,228.0,216.0,311.0
2026-07-28 02:00:00,309.0,307.0,306.0,292.0,313.0,317.0,304.0,303.0,307.0,42.0,307.0,306.0,290.0,295.0,306.0,301.0,306.0,303.0,284.0,318.0,280.0,305.0,290.0,220.0,232.0,218.0,236.0,249.0,223.0,224.0,240.0,220.0,301.0,308.0,308.0,305.0,300.0,219.0,304.0,312.0,292.0,303.0,298.0,314.0,284.0,301.0,291.0,294.0,215.0,213.0,297.0,305.0,297.0,297.0,306.0,305.0,304.0,230.0,227.0,215.0,311.0
2026-07-28 03:00:00,309.0,307.0,306.0,292.0,313.0,318.0,304.0,304.0,307.0,305.0,308.0,306.0,300.0,295.0,306.0,301.0,306.0,304.0,285.0,318.0,280.0,306.0,290.0,220.0,232.0,218.0,236.0,249.0,222.0,225.0,240.0,220.0,301.0,308.0,308.0,305.0,300.0,221.0,302.0,312.0,292.0,303.0,298.0,313.0,285.0,301.0,291.0,295.0,216.0,214.0,297.0,305.0,297.0,297.0,305.0,305.0,304.0,230.0,227.0,215.0,311.0
2026-07-28 04:00:00,309.0,307.0,305.0,292.0,313.0,318.0,303.0,304.0,308.0,307.0,308.0,306.0,300.0,295.0,306.0,302.0,306.0,303.0,285.0,317.0,281.0,307.0,290.0,219.0,233.0,218.0,236.0,249.0,222.0,225.0,241.0,220.0,301.0,308.0,308.0,306.0,300.0,220.0,300.0,312.0,292.0,299.0,298.0,312.0,284.0,302.0,289.0,295.0,216.0,215.0,296.0,305.0,297.0,298.0,305.0,305.0,305.0,230.0,227.0,216.0,310.0
2026-07-28 05:00:00,309.0,307.0,305.0,292.0,313.0,319.0,302.0,303.0,308.0,307.0,308.0,306.0,293.0,295.0,306.0,302.0,306.0,303.0,285.0,317.0,281.0,307.0,290.0,219.0,233.0,218.0,237.0,248.0,221.0,225.0,241.0,219.0,300.0,308.0,308.0,306.0,300.0,219.0,295.0,312.0,291.0,299.0,298.0,312.0,287.0,302.0,289.0,295.0,217.0,216.0,296.0,305.0,301.0,298.0,306.0,305.0,306.0,231.0,227.0,216.0,310.0
2026-07-28 06:00:00,309.0,307.0,305.0,291.0,313.0,319.0,301.0,303.0,308.0,307.0,308.0,306.0,276.0,295.0,305.0,302.0,306.0,303.0,285.0,316.0,281.0,308.0,290.0,218.0,233.0,218.0,237.0,248.0,221.0,225.0,242.0,219.0,300.0,308.0,307.0,306.0,300.0,219.0,297.0,311.0,291.0,299.0,298.0,311.0,287.0,303.0,289.0,295.0,218.0,216.0,296.0,305.0,298.0,299.0,306.0,305.0,304.0,230.0,227.0,215.0,310.0
2026-07-28 07:00:00,309.0,306.0,305.0,291.0,313.0,320.0,299.0,303.0,308.0,307.0,308.0,306.0,272.0,296.0,304.0,302.0,306.0,303.0,285.0,316.0,281.0,308.0,290.0,218.0,233.0,219.0,237.0,248.0,220.0,225.0,242.0,219.0,300.0,308.0,306.0,306.0,300.0,220.0,299.0,311.0,291.0,299.0,298.0,311.0,287.0,303.0,289.0,295.0,218.0,217.0,296.0,305.0,299.0,298.0,303.0,304.0,305.0,229.0,227.0,215.0,310.0
2026-07-28 08:00:00,309.0,306.0,305.0,291.0,314.0,320.0,298.0,302.0,308.0,307.0,308.0,306.0,283.0,296.0,304.0,302.0,306.0,302.0,285.0,316.0,281.0,308.0,290.0,218.0,231.0,219.0,238.0,249.0,219.0,225.0,242.0,219.0,300.0,308.0,306.0,306.0,300.0,220.0,297.0,311.0,291.0,299.0,298.0,311.0,286.0,303.0,296.0,294.0,218.0,217.0,295.0,305.0,298.0,296.0,304.0,303.0,304.0,226.0,226.0,213.0,310.0
2026-07-28 09:00:00,309.0,306.0,304.0,291.0,313.0,322.0,298.0,302.0,307.0,307.0,308.0,306.0,286.0,296.0,305.0,302.0,,303.0,286.0,316.0,281.0,308.0,290.0,217.0,231.0,219.0,238.0,249.0,219.0,225.0,243.0,219.0,300.0,308.0,306.0,306.0,300.0,217.0,295.0,311.0,291.0,299.0,298.0,311.0,286.0,302.0,296.0,293.0,219.0,218.0,296.0,305.0,299.0,297.0,303.0,302.0,304.0,224.0,224.0,215.0,310.0
2026-07-28 10:00:00,309.0,305.0,304.0,291.0,314.0,322.0,297.0,303.0,308.0,307.0,309.0,306.0,286.0,296.0,306.0,301.0,,303.0,286.0,316.0,281.0,308.0,290.0,217.0,231.0,220.0,238.0,248.0,221.0,225.0,243.0,220.0,299.0,308.0,306.0,306.0,301.0,217.0,307.0,311.0,293.0,299.0,298.0,311.0,285.0,300.0,295.0,291.0,219.0,218.0,296.0,303.0,297.0,296.0,303.0,301.0,303.0,226.0,224.0,210.0,310.0
2026-07-28 11:00:00,309.0,305.0,304.0,291.0,314.0,322.0,297.0,303.0,308.0,307.0,309.0,306.0,288.0,296.0,306.0,301.0,,305.0,286.0,316.0,282.0,307.0,291.0,217.0,233.0,220.0,238.0,249.0,222.0,224.0,243.0,220.0,299.0,308.0,306.0,306.0,301.0,217.0,319.0,311.0,297.0,299.0,298.0,312.0,285.0,299.0,294.0,290.0,219.0,218.0,294.0,303.0,297.0,296.0,302.0,301.0,303.0,229.0,224.0,212.0,310.0
2026-07-28 12:00:00,308.0,306.0,305.0,291.0,313.0,322.0,298.0,303.0,308.0,307.0,309.0,307.0,288.0,295.0,306.0,301.0,,306.0,287.0,316.0,282.0,307.0,291.0,219.0,237.0,220.0,239.0,250.0,223.0,224.0,243.0,220.0,299.0,308.0,306.0,306.0,301.0,216.0,319.0,311.0,302.0,299.0,298.0,311.0,283.0,298.0,292.0,289.0,219.0,218.0,295.0,302.0,300.0,297.0,302.0,300.0,302.0,231.0,226.0,212.0,310.0
2026-07-28 13:00:00,308.0,306.0,305.0,291.0,313.0,322.0,298.0,303.0,307.0,307.0,309.0,307.0,288.0,295.0,304.0,301.0,,307.0,287.0,316.0,282.0,306.0,291.0,218.0,238.0,220.0,239.0,251.0,225.0,223.0,244.0,220.0,299.0,308.0,307.0,306.0,301.0,217.0,319.0,311.0,305.0,299.0,298.0,312.0,283.0,297.0,289.0,287.0,219.0,218.0,293.0,302.0,299.0,298.0,302.0,300.0,303.0,234.0,227.0,216.0,311.0
2026-07-28 14:00:00,308.0,306.0,305.0,291.0,313.0,321.0,298.0,303.0,307.0,306.0,309.0,307.0,288.0,295.0,304.0,301.0,,307.0,287.0,316.0,282.0,306.0,291.0,218.0,239.0,220.0,239.0,251.0,226.0,223.0,244.0,221.0,300.0,308.0,307.0,306.0,301.0,218.0,320.0,312.0,308.0,301.0,298.0,312.0,283.0,297.0,285.0,287.0,219.0,218.0,294.0,303.0,302.0,298.0,302.0,299.0,302.0,235.0,228.0,217.0,311.0
2026-07-28 15:00:00,308.0,306.0,305.0,291.0,313.0,319.0,299.0,302.0,307.0,306.0,309.0,307.0,289.0,295.0,304.0,301.0,,306.0,287.0,316.0,282.0,305.0,291.0,218.0,240.0,220.0,239.0,252.0,227.0,222.0,244.0,222.0,300.0,308.0,307.0,306.0,301.0,218.0,316.0,312.0,310.0,301.0,298.0,312.0,282.0,297.0,284.0,287.0,218.0,219.0,294.0,303.0,303.0,297.0,302.0,299.0,302.0,236.0,228.0,218.0,311.0
2026-07-28 16:00:00,308.0,306.0,305.0,291.0,313.0,319.0,299.0,303.0,307.0,306.0,309.0,307.0,287.0,295.0,305.0,301.0,,306.0,288.0,317.0,282.0,305.0,291.0,218.0,241.0,220.0,239.0,253.0,227.0,222.0,244.0,221.0,300.0,308.0,307.0,306.0,300.0,219.0,310.0,312.0,311.0,302.0,298.0,313.0,283.0,297.0,288.0,287.0,218.0,219.0,294.0,303.0,303.0,298.0,303.0,299.0,303.0,236.0,229.0,218.0,311.0
2026-07-28 17:00:00,308.0,306.0,305.0,291.0,313.0,318.0,299.0,302.0,307.0,306.0,308.0,307.0,289.0,295.0,306.0,301.0,,306.0,288.0,317.0,282.0,305.0,291.0,219.0,241.0,220.0,239.0,253.0,227.0,221.0,244.0,221.0,300.0,308.0,307.0,306.0,300.0,220.0,309.0,312.0,312.0,305.0,300.0,313.0,283.0,297.0,287.0,287.0,218.0,218.0,294.0,303.0,303.0,298.0,302.0,300.0,303.0,236.0,231.0,219.0,312.0
2026-07-28 18:00:00,308.0,306.0,305.0,292.0,312.0,317.0,300.0,302.0,306.0,306.0,308.0,307.0,286.0,295.0,306.0,301.0,,306.0,286.0,317.0,282.0,305.0,291.0,220.0,242.0,220.0,239.0,254.0,228.0,221.0,244.0,222.0,300.0,307.0,307.0,306.0,299.0,221.0,309.0,312.0,312.0,305.0,301.0,313.0,282.0,297.0,286.0,287.0,218.0,218.0,295.0,303.0,303.0,298.0,303.0,301.0,304.0,235.0,234.0,219.0,312.0
2026-07-28 19:00:00,307.0,307.0,306.0,292.0,312.0,316.0,300.0,303.0,307.0,306.0,308.0,307.0,284.0,295.0,305.0,301.0,,306.0,286.0,316.0,282.0,305.0,291.0,220.0,240.0,219.0,239.0,254.0,228.0,221.0,243.0,222.0,300.0,307.0,307.0,305.0,299.0,222.0,308.0,312.0,310.0,305.0,301.0,314.0,283.0,297.0,285.0,287.0,217.0,218.0,296.0,304.0,299.0,299.0,304.0,301.0,306.0,237.0,233.0,220.0,312.0
2026-07-28 20:00:00,307.0,307.0,307.0,293.0,312.0,315.0,300.0,302.0,306.0,306.0,307.0,307.0,284.0,295.0,305.0,300.0,,305.0,285.0,315.0,281.0,305.0,291.0,221.0,239.0,219.0,,,,,,,300.0,307.0,307.0,305.0,299.0,223.0,308.0,313.0,310.0,305.0,303.0,314.0,280.0,298.0,285.0,288.0,217.0,217.0,296.0,,,298.0,304.0,303.0,305.0,237.0,233.0,220.0,
2026-07-28 21:00:00,308.0,309.0,308.0,294.0,312.0,314.0,301.0,303.0,307.0,,307.0,306.0,285.0,295.0,305.0,300.0,,305.0,285.0,315.0,281.0,305.0,291.0,221.0,238.0,220.0,,,,,,,301.0,307.0,307.0,305.0,299.0,223.0,308.0,312.0,310.0,305.0,304.0,315.0,281.0,298.0,284.0,288.0,217.0,217.0,296.0,,,299.0,304.0,303.0,305.0,238.0,232.0,220.0,
2026-07-28 22:00:00,,,,,,,,,,,,,,,,,,,,,,,,,,,,,,,,,,,,,,,,,,,,,,,,,,,,,,,,,,,,,
2026-07-28 23:00:00,,,,,,,,,,,,,,,,,,,,,,,,,,,,,,,,,,,,,,,,,,,,,,,,,,,,,,,,,,,,,
